:0200000460009A
:100000004643464200000156000000000101020084
:1000100000000000000000000000000000000000E0
:1000200000000000000000000000000000000000D0
:1000300000000000000000000000000000000000C0
:1000400000000000010403000000000000000000A8
:100050000000200000000000000000000000000080
:100060000000000000000000000000000000000090
:100070000000000000000000000000000000000080
:10008000EB04180A063204260000000000000000FD
:10009000050404240000000000000000000000002F
:1000A0000000000000000000000000000000000050
:1000B0000604000000000000000000000000000036
:1000C0000000000000000000000000000000000030
:1000D00020041808000000000000000000000000DC
:1000E0000000000000000000000000000000000010
:1000F0000000000000000000000000000000000000
:1001000000000000000000000000000000000000EF
:100110000204180804200000000000000000000095
:1001200000000000000000000000000000000000CF
:10013000600400000000000000000000000000005B
:1001400000000000000000000000000000000000AF
:10015000000000000000000000000000000000009F
:10016000000000000000000000000000000000008F
:10017000000000000000000000000000000000007F
:10018000000000000000000000000000000000006F
:10019000000000000000000000000000000000005F
:1001A000000000000000000000000000000000004F
:1001B000000000000000000000000000000000003F
:1001C000000100000010000001000000000000001D
:1001D000000000000000000000000000000000001F
:1001E000000000000000000000000000000000000F
:1001F00000000000000000000000000000000000FF
:10020000D4D4D4D4D4D4D4D4D4D4D4D4D4D4D4D4AE
:10021000D4D4D4D4D4D4D4D4D4D4D4D4D4D4D4D49E
:10022000D4D4D4D4D4D4D4D4D4D4D4D4D4D4D4D48E
:10023000D4D4D4D4D4D4D4D4D4D4D4D4D4D4D4D47E
:10024000D4D4D4D4D4D4D4D4D4D4D4D4D4D4D4D46E
:10025000D4D4D4D4D4D4D4D4D4D4D4D4D4D4D4D45E
:10026000D4D4D4D4D4D4D4D4D4D4D4D4D4D4D4D44E
:10027000D4D4D4D4D4D4D4D4D4D4D4D4D4D4D4D43E
:10028000D4D4D4D4D4D4D4D4D4D4D4D4D4D4D4D42E
:10029000D4D4D4D4D4D4D4D4D4D4D4D4D4D4D4D41E
:1002A000D4D4D4D4D4D4D4D4D4D4D4D4D4D4D4D40E
:1002B000D4D4D4D4D4D4D4D4D4D4D4D4D4D4D4D4FE
:1002C000D4D4D4D4D4D4D4D4D4D4D4D4D4D4D4D4EE
:1002D000D4D4D4D4D4D4D4D4D4D4D4D4D4D4D4D4DE
:1002E000D4D4D4D4D4D4D4D4D4D4D4D4D4D4D4D4CE
:1002F000D4D4D4D4D4D4D4D4D4D4D4D4D4D4D4D4BE
:10030000D4D4D4D4D4D4D4D4D4D4D4D4D4D4D4D4AD
:10031000D4D4D4D4D4D4D4D4D4D4D4D4D4D4D4D49D
:10032000D4D4D4D4D4D4D4D4D4D4D4D4D4D4D4D48D
:10033000D4D4D4D4D4D4D4D4D4D4D4D4D4D4D4D47D
:10034000D4D4D4D4D4D4D4D4D4D4D4D4D4D4D4D46D
:10035000D4D4D4D4D4D4D4D4D4D4D4D4D4D4D4D45D
:10036000D4D4D4D4D4D4D4D4D4D4D4D4D4D4D4D44D
:10037000D4D4D4D4D4D4D4D4D4D4D4D4D4D4D4D43D
:10038000D4D4D4D4D4D4D4D4D4D4D4D4D4D4D4D42D
:10039000D4D4D4D4D4D4D4D4D4D4D4D4D4D4D4D41D
:1003A000D4D4D4D4D4D4D4D4D4D4D4D4D4D4D4D40D
:1003B000D4D4D4D4D4D4D4D4D4D4D4D4D4D4D4D4FD
:1003C000D4D4D4D4D4D4D4D4D4D4D4D4D4D4D4D4ED
:1003D000D4D4D4D4D4D4D4D4D4D4D4D4D4D4D4D4DD
:1003E000D4D4D4D4D4D4D4D4D4D4D4D4D4D4D4D4CD
:1003F000D4D4D4D4D4D4D4D4D4D4D4D4D4D4D4D4BD
:10040000D4D4D4D4D4D4D4D4D4D4D4D4D4D4D4D4AC
:10041000D4D4D4D4D4D4D4D4D4D4D4D4D4D4D4D49C
:10042000D4D4D4D4D4D4D4D4D4D4D4D4D4D4D4D48C
:10043000D4D4D4D4D4D4D4D4D4D4D4D4D4D4D4D47C
:10044000D4D4D4D4D4D4D4D4D4D4D4D4D4D4D4D46C
:10045000D4D4D4D4D4D4D4D4D4D4D4D4D4D4D4D45C
:10046000D4D4D4D4D4D4D4D4D4D4D4D4D4D4D4D44C
:10047000D4D4D4D4D4D4D4D4D4D4D4D4D4D4D4D43C
:10048000D4D4D4D4D4D4D4D4D4D4D4D4D4D4D4D42C
:10049000D4D4D4D4D4D4D4D4D4D4D4D4D4D4D4D41C
:1004A000D4D4D4D4D4D4D4D4D4D4D4D4D4D4D4D40C
:1004B000D4D4D4D4D4D4D4D4D4D4D4D4D4D4D4D4FC
:1004C000D4D4D4D4D4D4D4D4D4D4D4D4D4D4D4D4EC
:1004D000D4D4D4D4D4D4D4D4D4D4D4D4D4D4D4D4DC
:1004E000D4D4D4D4D4D4D4D4D4D4D4D4D4D4D4D4CC
:1004F000D4D4D4D4D4D4D4D4D4D4D4D4D4D4D4D4BC
:10050000D4D4D4D4D4D4D4D4D4D4D4D4D4D4D4D4AB
:10051000D4D4D4D4D4D4D4D4D4D4D4D4D4D4D4D49B
:10052000D4D4D4D4D4D4D4D4D4D4D4D4D4D4D4D48B
:10053000D4D4D4D4D4D4D4D4D4D4D4D4D4D4D4D47B
:10054000D4D4D4D4D4D4D4D4D4D4D4D4D4D4D4D46B
:10055000D4D4D4D4D4D4D4D4D4D4D4D4D4D4D4D45B
:10056000D4D4D4D4D4D4D4D4D4D4D4D4D4D4D4D44B
:10057000D4D4D4D4D4D4D4D4D4D4D4D4D4D4D4D43B
:10058000D4D4D4D4D4D4D4D4D4D4D4D4D4D4D4D42B
:10059000D4D4D4D4D4D4D4D4D4D4D4D4D4D4D4D41B
:1005A000D4D4D4D4D4D4D4D4D4D4D4D4D4D4D4D40B
:1005B000D4D4D4D4D4D4D4D4D4D4D4D4D4D4D4D4FB
:1005C000D4D4D4D4D4D4D4D4D4D4D4D4D4D4D4D4EB
:1005D000D4D4D4D4D4D4D4D4D4D4D4D4D4D4D4D4DB
:1005E000D4D4D4D4D4D4D4D4D4D4D4D4D4D4D4D4CB
:1005F000D4D4D4D4D4D4D4D4D4D4D4D4D4D4D4D4BB
:10060000D4D4D4D4D4D4D4D4D4D4D4D4D4D4D4D4AA
:10061000D4D4D4D4D4D4D4D4D4D4D4D4D4D4D4D49A
:10062000D4D4D4D4D4D4D4D4D4D4D4D4D4D4D4D48A
:10063000D4D4D4D4D4D4D4D4D4D4D4D4D4D4D4D47A
:10064000D4D4D4D4D4D4D4D4D4D4D4D4D4D4D4D46A
:10065000D4D4D4D4D4D4D4D4D4D4D4D4D4D4D4D45A
:10066000D4D4D4D4D4D4D4D4D4D4D4D4D4D4D4D44A
:10067000D4D4D4D4D4D4D4D4D4D4D4D4D4D4D4D43A
:10068000D4D4D4D4D4D4D4D4D4D4D4D4D4D4D4D42A
:10069000D4D4D4D4D4D4D4D4D4D4D4D4D4D4D4D41A
:1006A000D4D4D4D4D4D4D4D4D4D4D4D4D4D4D4D40A
:1006B000D4D4D4D4D4D4D4D4D4D4D4D4D4D4D4D4FA
:1006C000D4D4D4D4D4D4D4D4D4D4D4D4D4D4D4D4EA
:1006D000D4D4D4D4D4D4D4D4D4D4D4D4D4D4D4D4DA
:1006E000D4D4D4D4D4D4D4D4D4D4D4D4D4D4D4D4CA
:1006F000D4D4D4D4D4D4D4D4D4D4D4D4D4D4D4D4BA
:10070000D4D4D4D4D4D4D4D4D4D4D4D4D4D4D4D4A9
:10071000D4D4D4D4D4D4D4D4D4D4D4D4D4D4D4D499
:10072000D4D4D4D4D4D4D4D4D4D4D4D4D4D4D4D489
:10073000D4D4D4D4D4D4D4D4D4D4D4D4D4D4D4D479
:10074000D4D4D4D4D4D4D4D4D4D4D4D4D4D4D4D469
:10075000D4D4D4D4D4D4D4D4D4D4D4D4D4D4D4D459
:10076000D4D4D4D4D4D4D4D4D4D4D4D4D4D4D4D449
:10077000D4D4D4D4D4D4D4D4D4D4D4D4D4D4D4D439
:10078000D4D4D4D4D4D4D4D4D4D4D4D4D4D4D4D429
:10079000D4D4D4D4D4D4D4D4D4D4D4D4D4D4D4D419
:1007A000D4D4D4D4D4D4D4D4D4D4D4D4D4D4D4D409
:1007B000D4D4D4D4D4D4D4D4D4D4D4D4D4D4D4D4F9
:1007C000D4D4D4D4D4D4D4D4D4D4D4D4D4D4D4D4E9
:1007D000D4D4D4D4D4D4D4D4D4D4D4D4D4D4D4D4D9
:1007E000D4D4D4D4D4D4D4D4D4D4D4D4D4D4D4D4C9
:1007F000D4D4D4D4D4D4D4D4D4D4D4D4D4D4D4D4B9
:10080000D4D4D4D4D4D4D4D4D4D4D4D4D4D4D4D4A8
:10081000D4D4D4D4D4D4D4D4D4D4D4D4D4D4D4D498
:10082000D4D4D4D4D4D4D4D4D4D4D4D4D4D4D4D488
:10083000D4D4D4D4D4D4D4D4D4D4D4D4D4D4D4D478
:10084000D4D4D4D4D4D4D4D4D4D4D4D4D4D4D4D468
:10085000D4D4D4D4D4D4D4D4D4D4D4D4D4D4D4D458
:10086000D4D4D4D4D4D4D4D4D4D4D4D4D4D4D4D448
:10087000D4D4D4D4D4D4D4D4D4D4D4D4D4D4D4D438
:10088000D4D4D4D4D4D4D4D4D4D4D4D4D4D4D4D428
:10089000D4D4D4D4D4D4D4D4D4D4D4D4D4D4D4D418
:1008A000D4D4D4D4D4D4D4D4D4D4D4D4D4D4D4D408
:1008B000D4D4D4D4D4D4D4D4D4D4D4D4D4D4D4D4F8
:1008C000D4D4D4D4D4D4D4D4D4D4D4D4D4D4D4D4E8
:1008D000D4D4D4D4D4D4D4D4D4D4D4D4D4D4D4D4D8
:1008E000D4D4D4D4D4D4D4D4D4D4D4D4D4D4D4D4C8
:1008F000D4D4D4D4D4D4D4D4D4D4D4D4D4D4D4D4B8
:10090000D4D4D4D4D4D4D4D4D4D4D4D4D4D4D4D4A7
:10091000D4D4D4D4D4D4D4D4D4D4D4D4D4D4D4D497
:10092000D4D4D4D4D4D4D4D4D4D4D4D4D4D4D4D487
:10093000D4D4D4D4D4D4D4D4D4D4D4D4D4D4D4D477
:10094000D4D4D4D4D4D4D4D4D4D4D4D4D4D4D4D467
:10095000D4D4D4D4D4D4D4D4D4D4D4D4D4D4D4D457
:10096000D4D4D4D4D4D4D4D4D4D4D4D4D4D4D4D447
:10097000D4D4D4D4D4D4D4D4D4D4D4D4D4D4D4D437
:10098000D4D4D4D4D4D4D4D4D4D4D4D4D4D4D4D427
:10099000D4D4D4D4D4D4D4D4D4D4D4D4D4D4D4D417
:1009A000D4D4D4D4D4D4D4D4D4D4D4D4D4D4D4D407
:1009B000D4D4D4D4D4D4D4D4D4D4D4D4D4D4D4D4F7
:1009C000D4D4D4D4D4D4D4D4D4D4D4D4D4D4D4D4E7
:1009D000D4D4D4D4D4D4D4D4D4D4D4D4D4D4D4D4D7
:1009E000D4D4D4D4D4D4D4D4D4D4D4D4D4D4D4D4C7
:1009F000D4D4D4D4D4D4D4D4D4D4D4D4D4D4D4D4B7
:100A0000D4D4D4D4D4D4D4D4D4D4D4D4D4D4D4D4A6
:100A1000D4D4D4D4D4D4D4D4D4D4D4D4D4D4D4D496
:100A2000D4D4D4D4D4D4D4D4D4D4D4D4D4D4D4D486
:100A3000D4D4D4D4D4D4D4D4D4D4D4D4D4D4D4D476
:100A4000D4D4D4D4D4D4D4D4D4D4D4D4D4D4D4D466
:100A5000D4D4D4D4D4D4D4D4D4D4D4D4D4D4D4D456
:100A6000D4D4D4D4D4D4D4D4D4D4D4D4D4D4D4D446
:100A7000D4D4D4D4D4D4D4D4D4D4D4D4D4D4D4D436
:100A8000D4D4D4D4D4D4D4D4D4D4D4D4D4D4D4D426
:100A9000D4D4D4D4D4D4D4D4D4D4D4D4D4D4D4D416
:100AA000D4D4D4D4D4D4D4D4D4D4D4D4D4D4D4D406
:100AB000D4D4D4D4D4D4D4D4D4D4D4D4D4D4D4D4F6
:100AC000D4D4D4D4D4D4D4D4D4D4D4D4D4D4D4D4E6
:100AD000D4D4D4D4D4D4D4D4D4D4D4D4D4D4D4D4D6
:100AE000D4D4D4D4D4D4D4D4D4D4D4D4D4D4D4D4C6
:100AF000D4D4D4D4D4D4D4D4D4D4D4D4D4D4D4D4B6
:100B0000D4D4D4D4D4D4D4D4D4D4D4D4D4D4D4D4A5
:100B1000D4D4D4D4D4D4D4D4D4D4D4D4D4D4D4D495
:100B2000D4D4D4D4D4D4D4D4D4D4D4D4D4D4D4D485
:100B3000D4D4D4D4D4D4D4D4D4D4D4D4D4D4D4D475
:100B4000D4D4D4D4D4D4D4D4D4D4D4D4D4D4D4D465
:100B5000D4D4D4D4D4D4D4D4D4D4D4D4D4D4D4D455
:100B6000D4D4D4D4D4D4D4D4D4D4D4D4D4D4D4D445
:100B7000D4D4D4D4D4D4D4D4D4D4D4D4D4D4D4D435
:100B8000D4D4D4D4D4D4D4D4D4D4D4D4D4D4D4D425
:100B9000D4D4D4D4D4D4D4D4D4D4D4D4D4D4D4D415
:100BA000D4D4D4D4D4D4D4D4D4D4D4D4D4D4D4D405
:100BB000D4D4D4D4D4D4D4D4D4D4D4D4D4D4D4D4F5
:100BC000D4D4D4D4D4D4D4D4D4D4D4D4D4D4D4D4E5
:100BD000D4D4D4D4D4D4D4D4D4D4D4D4D4D4D4D4D5
:100BE000D4D4D4D4D4D4D4D4D4D4D4D4D4D4D4D4C5
:100BF000D4D4D4D4D4D4D4D4D4D4D4D4D4D4D4D4B5
:100C0000D4D4D4D4D4D4D4D4D4D4D4D4D4D4D4D4A4
:100C1000D4D4D4D4D4D4D4D4D4D4D4D4D4D4D4D494
:100C2000D4D4D4D4D4D4D4D4D4D4D4D4D4D4D4D484
:100C3000D4D4D4D4D4D4D4D4D4D4D4D4D4D4D4D474
:100C4000D4D4D4D4D4D4D4D4D4D4D4D4D4D4D4D464
:100C5000D4D4D4D4D4D4D4D4D4D4D4D4D4D4D4D454
:100C6000D4D4D4D4D4D4D4D4D4D4D4D4D4D4D4D444
:100C7000D4D4D4D4D4D4D4D4D4D4D4D4D4D4D4D434
:100C8000D4D4D4D4D4D4D4D4D4D4D4D4D4D4D4D424
:100C9000D4D4D4D4D4D4D4D4D4D4D4D4D4D4D4D414
:100CA000D4D4D4D4D4D4D4D4D4D4D4D4D4D4D4D404
:100CB000D4D4D4D4D4D4D4D4D4D4D4D4D4D4D4D4F4
:100CC000D4D4D4D4D4D4D4D4D4D4D4D4D4D4D4D4E4
:100CD000D4D4D4D4D4D4D4D4D4D4D4D4D4D4D4D4D4
:100CE000D4D4D4D4D4D4D4D4D4D4D4D4D4D4D4D4C4
:100CF000D4D4D4D4D4D4D4D4D4D4D4D4D4D4D4D4B4
:100D0000D4D4D4D4D4D4D4D4D4D4D4D4D4D4D4D4A3
:100D1000D4D4D4D4D4D4D4D4D4D4D4D4D4D4D4D493
:100D2000D4D4D4D4D4D4D4D4D4D4D4D4D4D4D4D483
:100D3000D4D4D4D4D4D4D4D4D4D4D4D4D4D4D4D473
:100D4000D4D4D4D4D4D4D4D4D4D4D4D4D4D4D4D463
:100D5000D4D4D4D4D4D4D4D4D4D4D4D4D4D4D4D453
:100D6000D4D4D4D4D4D4D4D4D4D4D4D4D4D4D4D443
:100D7000D4D4D4D4D4D4D4D4D4D4D4D4D4D4D4D433
:100D8000D4D4D4D4D4D4D4D4D4D4D4D4D4D4D4D423
:100D9000D4D4D4D4D4D4D4D4D4D4D4D4D4D4D4D413
:100DA000D4D4D4D4D4D4D4D4D4D4D4D4D4D4D4D403
:100DB000D4D4D4D4D4D4D4D4D4D4D4D4D4D4D4D4F3
:100DC000D4D4D4D4D4D4D4D4D4D4D4D4D4D4D4D4E3
:100DD000D4D4D4D4D4D4D4D4D4D4D4D4D4D4D4D4D3
:100DE000D4D4D4D4D4D4D4D4D4D4D4D4D4D4D4D4C3
:100DF000D4D4D4D4D4D4D4D4D4D4D4D4D4D4D4D4B3
:100E0000D4D4D4D4D4D4D4D4D4D4D4D4D4D4D4D4A2
:100E1000D4D4D4D4D4D4D4D4D4D4D4D4D4D4D4D492
:100E2000D4D4D4D4D4D4D4D4D4D4D4D4D4D4D4D482
:100E3000D4D4D4D4D4D4D4D4D4D4D4D4D4D4D4D472
:100E4000D4D4D4D4D4D4D4D4D4D4D4D4D4D4D4D462
:100E5000D4D4D4D4D4D4D4D4D4D4D4D4D4D4D4D452
:100E6000D4D4D4D4D4D4D4D4D4D4D4D4D4D4D4D442
:100E7000D4D4D4D4D4D4D4D4D4D4D4D4D4D4D4D432
:100E8000D4D4D4D4D4D4D4D4D4D4D4D4D4D4D4D422
:100E9000D4D4D4D4D4D4D4D4D4D4D4D4D4D4D4D412
:100EA000D4D4D4D4D4D4D4D4D4D4D4D4D4D4D4D402
:100EB000D4D4D4D4D4D4D4D4D4D4D4D4D4D4D4D4F2
:100EC000D4D4D4D4D4D4D4D4D4D4D4D4D4D4D4D4E2
:100ED000D4D4D4D4D4D4D4D4D4D4D4D4D4D4D4D4D2
:100EE000D4D4D4D4D4D4D4D4D4D4D4D4D4D4D4D4C2
:100EF000D4D4D4D4D4D4D4D4D4D4D4D4D4D4D4D4B2
:100F0000D4D4D4D4D4D4D4D4D4D4D4D4D4D4D4D4A1
:100F1000D4D4D4D4D4D4D4D4D4D4D4D4D4D4D4D491
:100F2000D4D4D4D4D4D4D4D4D4D4D4D4D4D4D4D481
:100F3000D4D4D4D4D4D4D4D4D4D4D4D4D4D4D4D471
:100F4000D4D4D4D4D4D4D4D4D4D4D4D4D4D4D4D461
:100F5000D4D4D4D4D4D4D4D4D4D4D4D4D4D4D4D451
:100F6000D4D4D4D4D4D4D4D4D4D4D4D4D4D4D4D441
:100F7000D4D4D4D4D4D4D4D4D4D4D4D4D4D4D4D431
:100F8000D4D4D4D4D4D4D4D4D4D4D4D4D4D4D4D421
:100F9000D4D4D4D4D4D4D4D4D4D4D4D4D4D4D4D411
:100FA000D4D4D4D4D4D4D4D4D4D4D4D4D4D4D4D401
:100FB000D4D4D4D4D4D4D4D4D4D4D4D4D4D4D4D4F1
:100FC000D4D4D4D4D4D4D4D4D4D4D4D4D4D4D4D4E1
:100FD000D4D4D4D4D4D4D4D4D4D4D4D4D4D4D4D4D1
:100FE000D4D4D4D4D4D4D4D4D4D4D4D4D4D4D4D4C1
:100FF000D4D4D4D4D4D4D4D4D4D4D4D4D4D4D4D4B1
:10100000D10020400020006000000000000000002F
:1010100020100060001000600000000000000000D0
:101020000000006060B1000000000000EFBEADDE17
:10103000124880F3088812481249016000F036F81F
:10104000114812490022814201D004C0FBE7104838
:101050001049114A814202D008CA08C0FAE70F4875
:101060004FF47001026842EA01020260BFF34F8F41
:10107000BFF36F8F00F014F800DE00000040002086
:1010800008ED00E000400020005000201C880020F7
:10109000B84200204C44002060B1006088ED00E0C0
:1010A00041F2D10CC0F2000C6047D4D4204840F289
:1010B0009C41884219D040F24C418842CCBF1D4A25
:1010C0001D4A1E4B5360136823F0800313601C48B5
:1010D0001C49C1BF1C480A0C8264C1F30F01416462
:1010E000016C41F00401016402E0184815490160F7
:1010F0001748184A824205D01749814202D008CACF
:1011000008C0FAE71548164A824205D015498142BF
:1011100002D008CA08C0FAE71348144A824205D030
:101120001349814202D008CA08C0FAE7704700009C
:10113000240400000080034000C00B4020C528D9D3
:1011400000C00A40AAAAFAFF00400E4060004F44C7
:1011500000000000B822006060780000004000201D
:1011600000200060B842002000002020189B006092
:1011700048162020D4D4D4D4D4D4D4D4D4D4D4D4E1
:10118000D4D4D4D4D4D4D4D4D4D4D4D4D4D4D4D41F
:10119000D4D4D4D4D4D4D4D4D4D4D4D4D4D4D4D40F
:1011A000D4D4D4D4D4D4D4D4D4D4D4D4D4D4D4D4FF
:1011B000D4D4D4D4D4D4D4D4D4D4D4D4D4D4D4D4EF
:1011C000D4D4D4D4D4D4D4D4D4D4D4D4D4D4D4D4DF
:1011D000D4D4D4D4D4D4D4D4D4D4D4D4D4D4D4D4CF
:1011E000D4D4D4D4D4D4D4D4D4D4D4D4D4D4D4D4BF
:1011F000D4D4D4D4D4D4D4D4D4D4D4D4D4D4D4D4AF
:10120000D4D4D4D4D4D4D4D4D4D4D4D4D4D4D4D49E
:10121000D4D4D4D4D4D4D4D4D4D4D4D4D4D4D4D48E
:10122000D4D4D4D4D4D4D4D4D4D4D4D4D4D4D4D47E
:10123000D4D4D4D4D4D4D4D4D4D4D4D4D4D4D4D46E
:10124000D4D4D4D4D4D4D4D4D4D4D4D4D4D4D4D45E
:10125000D4D4D4D4D4D4D4D4D4D4D4D4D4D4D4D44E
:10126000D4D4D4D4D4D4D4D4D4D4D4D4D4D4D4D43E
:10127000D4D4D4D4D4D4D4D4D4D4D4D4D4D4D4D42E
:10128000D4D4D4D4D4D4D4D4D4D4D4D4D4D4D4D41E
:10129000D4D4D4D4D4D4D4D4D4D4D4D4D4D4D4D40E
:1012A000D4D4D4D4D4D4D4D4D4D4D4D4D4D4D4D4FE
:1012B000D4D4D4D4D4D4D4D4D4D4D4D4D4D4D4D4EE
:1012C000D4D4D4D4D4D4D4D4D4D4D4D4D4D4D4D4DE
:1012D000D4D4D4D4D4D4D4D4D4D4D4D4D4D4D4D4CE
:1012E000D4D4D4D4D4D4D4D4D4D4D4D4D4D4D4D4BE
:1012F000D4D4D4D4D4D4D4D4D4D4D4D4D4D4D4D4AE
:10130000D4D4D4D4D4D4D4D4D4D4D4D4D4D4D4D49D
:10131000D4D4D4D4D4D4D4D4D4D4D4D4D4D4D4D48D
:10132000D4D4D4D4D4D4D4D4D4D4D4D4D4D4D4D47D
:10133000D4D4D4D4D4D4D4D4D4D4D4D4D4D4D4D46D
:10134000D4D4D4D4D4D4D4D4D4D4D4D4D4D4D4D45D
:10135000D4D4D4D4D4D4D4D4D4D4D4D4D4D4D4D44D
:10136000D4D4D4D4D4D4D4D4D4D4D4D4D4D4D4D43D
:10137000D4D4D4D4D4D4D4D4D4D4D4D4D4D4D4D42D
:10138000D4D4D4D4D4D4D4D4D4D4D4D4D4D4D4D41D
:10139000D4D4D4D4D4D4D4D4D4D4D4D4D4D4D4D40D
:1013A000D4D4D4D4D4D4D4D4D4D4D4D4D4D4D4D4FD
:1013B000D4D4D4D4D4D4D4D4D4D4D4D4D4D4D4D4ED
:1013C000D4D4D4D4D4D4D4D4D4D4D4D4D4D4D4D4DD
:1013D000D4D4D4D4D4D4D4D4D4D4D4D4D4D4D4D4CD
:1013E000D4D4D4D4D4D4D4D4D4D4D4D4D4D4D4D4BD
:1013F000D4D4D4D4D4D4D4D4D4D4D4D4D4D4D4D4AD
:10140000D4D4D4D4D4D4D4D4D4D4D4D4D4D4D4D49C
:10141000D4D4D4D4D4D4D4D4D4D4D4D4D4D4D4D48C
:10142000D4D4D4D4D4D4D4D4D4D4D4D4D4D4D4D47C
:10143000D4D4D4D4D4D4D4D4D4D4D4D4D4D4D4D46C
:10144000D4D4D4D4D4D4D4D4D4D4D4D4D4D4D4D45C
:10145000D4D4D4D4D4D4D4D4D4D4D4D4D4D4D4D44C
:10146000D4D4D4D4D4D4D4D4D4D4D4D4D4D4D4D43C
:10147000D4D4D4D4D4D4D4D4D4D4D4D4D4D4D4D42C
:10148000D4D4D4D4D4D4D4D4D4D4D4D4D4D4D4D41C
:10149000D4D4D4D4D4D4D4D4D4D4D4D4D4D4D4D40C
:1014A000D4D4D4D4D4D4D4D4D4D4D4D4D4D4D4D4FC
:1014B000D4D4D4D4D4D4D4D4D4D4D4D4D4D4D4D4EC
:1014C000D4D4D4D4D4D4D4D4D4D4D4D4D4D4D4D4DC
:1014D000D4D4D4D4D4D4D4D4D4D4D4D4D4D4D4D4CC
:1014E000D4D4D4D4D4D4D4D4D4D4D4D4D4D4D4D4BC
:1014F000D4D4D4D4D4D4D4D4D4D4D4D4D4D4D4D4AC
:10150000D4D4D4D4D4D4D4D4D4D4D4D4D4D4D4D49B
:10151000D4D4D4D4D4D4D4D4D4D4D4D4D4D4D4D48B
:10152000D4D4D4D4D4D4D4D4D4D4D4D4D4D4D4D47B
:10153000D4D4D4D4D4D4D4D4D4D4D4D4D4D4D4D46B
:10154000D4D4D4D4D4D4D4D4D4D4D4D4D4D4D4D45B
:10155000D4D4D4D4D4D4D4D4D4D4D4D4D4D4D4D44B
:10156000D4D4D4D4D4D4D4D4D4D4D4D4D4D4D4D43B
:10157000D4D4D4D4D4D4D4D4D4D4D4D4D4D4D4D42B
:10158000D4D4D4D4D4D4D4D4D4D4D4D4D4D4D4D41B
:10159000D4D4D4D4D4D4D4D4D4D4D4D4D4D4D4D40B
:1015A000D4D4D4D4D4D4D4D4D4D4D4D4D4D4D4D4FB
:1015B000D4D4D4D4D4D4D4D4D4D4D4D4D4D4D4D4EB
:1015C000D4D4D4D4D4D4D4D4D4D4D4D4D4D4D4D4DB
:1015D000D4D4D4D4D4D4D4D4D4D4D4D4D4D4D4D4CB
:1015E000D4D4D4D4D4D4D4D4D4D4D4D4D4D4D4D4BB
:1015F000D4D4D4D4D4D4D4D4D4D4D4D4D4D4D4D4AB
:10160000D4D4D4D4D4D4D4D4D4D4D4D4D4D4D4D49A
:10161000D4D4D4D4D4D4D4D4D4D4D4D4D4D4D4D48A
:10162000D4D4D4D4D4D4D4D4D4D4D4D4D4D4D4D47A
:10163000D4D4D4D4D4D4D4D4D4D4D4D4D4D4D4D46A
:10164000D4D4D4D4D4D4D4D4D4D4D4D4D4D4D4D45A
:10165000D4D4D4D4D4D4D4D4D4D4D4D4D4D4D4D44A
:10166000D4D4D4D4D4D4D4D4D4D4D4D4D4D4D4D43A
:10167000D4D4D4D4D4D4D4D4D4D4D4D4D4D4D4D42A
:10168000D4D4D4D4D4D4D4D4D4D4D4D4D4D4D4D41A
:10169000D4D4D4D4D4D4D4D4D4D4D4D4D4D4D4D40A
:1016A000D4D4D4D4D4D4D4D4D4D4D4D4D4D4D4D4FA
:1016B000D4D4D4D4D4D4D4D4D4D4D4D4D4D4D4D4EA
:1016C000D4D4D4D4D4D4D4D4D4D4D4D4D4D4D4D4DA
:1016D000D4D4D4D4D4D4D4D4D4D4D4D4D4D4D4D4CA
:1016E000D4D4D4D4D4D4D4D4D4D4D4D4D4D4D4D4BA
:1016F000D4D4D4D4D4D4D4D4D4D4D4D4D4D4D4D4AA
:10170000D4D4D4D4D4D4D4D4D4D4D4D4D4D4D4D499
:10171000D4D4D4D4D4D4D4D4D4D4D4D4D4D4D4D489
:10172000D4D4D4D4D4D4D4D4D4D4D4D4D4D4D4D479
:10173000D4D4D4D4D4D4D4D4D4D4D4D4D4D4D4D469
:10174000D4D4D4D4D4D4D4D4D4D4D4D4D4D4D4D459
:10175000D4D4D4D4D4D4D4D4D4D4D4D4D4D4D4D449
:10176000D4D4D4D4D4D4D4D4D4D4D4D4D4D4D4D439
:10177000D4D4D4D4D4D4D4D4D4D4D4D4D4D4D4D429
:10178000D4D4D4D4D4D4D4D4D4D4D4D4D4D4D4D419
:10179000D4D4D4D4D4D4D4D4D4D4D4D4D4D4D4D409
:1017A000D4D4D4D4D4D4D4D4D4D4D4D4D4D4D4D4F9
:1017B000D4D4D4D4D4D4D4D4D4D4D4D4D4D4D4D4E9
:1017C000D4D4D4D4D4D4D4D4D4D4D4D4D4D4D4D4D9
:1017D000D4D4D4D4D4D4D4D4D4D4D4D4D4D4D4D4C9
:1017E000D4D4D4D4D4D4D4D4D4D4D4D4D4D4D4D4B9
:1017F000D4D4D4D4D4D4D4D4D4D4D4D4D4D4D4D4A9
:10180000D4D4D4D4D4D4D4D4D4D4D4D4D4D4D4D498
:10181000D4D4D4D4D4D4D4D4D4D4D4D4D4D4D4D488
:10182000D4D4D4D4D4D4D4D4D4D4D4D4D4D4D4D478
:10183000D4D4D4D4D4D4D4D4D4D4D4D4D4D4D4D468
:10184000D4D4D4D4D4D4D4D4D4D4D4D4D4D4D4D458
:10185000D4D4D4D4D4D4D4D4D4D4D4D4D4D4D4D448
:10186000D4D4D4D4D4D4D4D4D4D4D4D4D4D4D4D438
:10187000D4D4D4D4D4D4D4D4D4D4D4D4D4D4D4D428
:10188000D4D4D4D4D4D4D4D4D4D4D4D4D4D4D4D418
:10189000D4D4D4D4D4D4D4D4D4D4D4D4D4D4D4D408
:1018A000D4D4D4D4D4D4D4D4D4D4D4D4D4D4D4D4F8
:1018B000D4D4D4D4D4D4D4D4D4D4D4D4D4D4D4D4E8
:1018C000D4D4D4D4D4D4D4D4D4D4D4D4D4D4D4D4D8
:1018D000D4D4D4D4D4D4D4D4D4D4D4D4D4D4D4D4C8
:1018E000D4D4D4D4D4D4D4D4D4D4D4D4D4D4D4D4B8
:1018F000D4D4D4D4D4D4D4D4D4D4D4D4D4D4D4D4A8
:10190000D4D4D4D4D4D4D4D4D4D4D4D4D4D4D4D497
:10191000D4D4D4D4D4D4D4D4D4D4D4D4D4D4D4D487
:10192000D4D4D4D4D4D4D4D4D4D4D4D4D4D4D4D477
:10193000D4D4D4D4D4D4D4D4D4D4D4D4D4D4D4D467
:10194000D4D4D4D4D4D4D4D4D4D4D4D4D4D4D4D457
:10195000D4D4D4D4D4D4D4D4D4D4D4D4D4D4D4D447
:10196000D4D4D4D4D4D4D4D4D4D4D4D4D4D4D4D437
:10197000D4D4D4D4D4D4D4D4D4D4D4D4D4D4D4D427
:10198000D4D4D4D4D4D4D4D4D4D4D4D4D4D4D4D417
:10199000D4D4D4D4D4D4D4D4D4D4D4D4D4D4D4D407
:1019A000D4D4D4D4D4D4D4D4D4D4D4D4D4D4D4D4F7
:1019B000D4D4D4D4D4D4D4D4D4D4D4D4D4D4D4D4E7
:1019C000D4D4D4D4D4D4D4D4D4D4D4D4D4D4D4D4D7
:1019D000D4D4D4D4D4D4D4D4D4D4D4D4D4D4D4D4C7
:1019E000D4D4D4D4D4D4D4D4D4D4D4D4D4D4D4D4B7
:1019F000D4D4D4D4D4D4D4D4D4D4D4D4D4D4D4D4A7
:101A0000D4D4D4D4D4D4D4D4D4D4D4D4D4D4D4D496
:101A1000D4D4D4D4D4D4D4D4D4D4D4D4D4D4D4D486
:101A2000D4D4D4D4D4D4D4D4D4D4D4D4D4D4D4D476
:101A3000D4D4D4D4D4D4D4D4D4D4D4D4D4D4D4D466
:101A4000D4D4D4D4D4D4D4D4D4D4D4D4D4D4D4D456
:101A5000D4D4D4D4D4D4D4D4D4D4D4D4D4D4D4D446
:101A6000D4D4D4D4D4D4D4D4D4D4D4D4D4D4D4D436
:101A7000D4D4D4D4D4D4D4D4D4D4D4D4D4D4D4D426
:101A8000D4D4D4D4D4D4D4D4D4D4D4D4D4D4D4D416
:101A9000D4D4D4D4D4D4D4D4D4D4D4D4D4D4D4D406
:101AA000D4D4D4D4D4D4D4D4D4D4D4D4D4D4D4D4F6
:101AB000D4D4D4D4D4D4D4D4D4D4D4D4D4D4D4D4E6
:101AC000D4D4D4D4D4D4D4D4D4D4D4D4D4D4D4D4D6
:101AD000D4D4D4D4D4D4D4D4D4D4D4D4D4D4D4D4C6
:101AE000D4D4D4D4D4D4D4D4D4D4D4D4D4D4D4D4B6
:101AF000D4D4D4D4D4D4D4D4D4D4D4D4D4D4D4D4A6
:101B0000D4D4D4D4D4D4D4D4D4D4D4D4D4D4D4D495
:101B1000D4D4D4D4D4D4D4D4D4D4D4D4D4D4D4D485
:101B2000D4D4D4D4D4D4D4D4D4D4D4D4D4D4D4D475
:101B3000D4D4D4D4D4D4D4D4D4D4D4D4D4D4D4D465
:101B4000D4D4D4D4D4D4D4D4D4D4D4D4D4D4D4D455
:101B5000D4D4D4D4D4D4D4D4D4D4D4D4D4D4D4D445
:101B6000D4D4D4D4D4D4D4D4D4D4D4D4D4D4D4D435
:101B7000D4D4D4D4D4D4D4D4D4D4D4D4D4D4D4D425
:101B8000D4D4D4D4D4D4D4D4D4D4D4D4D4D4D4D415
:101B9000D4D4D4D4D4D4D4D4D4D4D4D4D4D4D4D405
:101BA000D4D4D4D4D4D4D4D4D4D4D4D4D4D4D4D4F5
:101BB000D4D4D4D4D4D4D4D4D4D4D4D4D4D4D4D4E5
:101BC000D4D4D4D4D4D4D4D4D4D4D4D4D4D4D4D4D5
:101BD000D4D4D4D4D4D4D4D4D4D4D4D4D4D4D4D4C5
:101BE000D4D4D4D4D4D4D4D4D4D4D4D4D4D4D4D4B5
:101BF000D4D4D4D4D4D4D4D4D4D4D4D4D4D4D4D4A5
:101C0000D4D4D4D4D4D4D4D4D4D4D4D4D4D4D4D494
:101C1000D4D4D4D4D4D4D4D4D4D4D4D4D4D4D4D484
:101C2000D4D4D4D4D4D4D4D4D4D4D4D4D4D4D4D474
:101C3000D4D4D4D4D4D4D4D4D4D4D4D4D4D4D4D464
:101C4000D4D4D4D4D4D4D4D4D4D4D4D4D4D4D4D454
:101C5000D4D4D4D4D4D4D4D4D4D4D4D4D4D4D4D444
:101C6000D4D4D4D4D4D4D4D4D4D4D4D4D4D4D4D434
:101C7000D4D4D4D4D4D4D4D4D4D4D4D4D4D4D4D424
:101C8000D4D4D4D4D4D4D4D4D4D4D4D4D4D4D4D414
:101C9000D4D4D4D4D4D4D4D4D4D4D4D4D4D4D4D404
:101CA000D4D4D4D4D4D4D4D4D4D4D4D4D4D4D4D4F4
:101CB000D4D4D4D4D4D4D4D4D4D4D4D4D4D4D4D4E4
:101CC000D4D4D4D4D4D4D4D4D4D4D4D4D4D4D4D4D4
:101CD000D4D4D4D4D4D4D4D4D4D4D4D4D4D4D4D4C4
:101CE000D4D4D4D4D4D4D4D4D4D4D4D4D4D4D4D4B4
:101CF000D4D4D4D4D4D4D4D4D4D4D4D4D4D4D4D4A4
:101D0000D4D4D4D4D4D4D4D4D4D4D4D4D4D4D4D493
:101D1000D4D4D4D4D4D4D4D4D4D4D4D4D4D4D4D483
:101D2000D4D4D4D4D4D4D4D4D4D4D4D4D4D4D4D473
:101D3000D4D4D4D4D4D4D4D4D4D4D4D4D4D4D4D463
:101D4000D4D4D4D4D4D4D4D4D4D4D4D4D4D4D4D453
:101D5000D4D4D4D4D4D4D4D4D4D4D4D4D4D4D4D443
:101D6000D4D4D4D4D4D4D4D4D4D4D4D4D4D4D4D433
:101D7000D4D4D4D4D4D4D4D4D4D4D4D4D4D4D4D423
:101D8000D4D4D4D4D4D4D4D4D4D4D4D4D4D4D4D413
:101D9000D4D4D4D4D4D4D4D4D4D4D4D4D4D4D4D403
:101DA000D4D4D4D4D4D4D4D4D4D4D4D4D4D4D4D4F3
:101DB000D4D4D4D4D4D4D4D4D4D4D4D4D4D4D4D4E3
:101DC000D4D4D4D4D4D4D4D4D4D4D4D4D4D4D4D4D3
:101DD000D4D4D4D4D4D4D4D4D4D4D4D4D4D4D4D4C3
:101DE000D4D4D4D4D4D4D4D4D4D4D4D4D4D4D4D4B3
:101DF000D4D4D4D4D4D4D4D4D4D4D4D4D4D4D4D4A3
:101E0000D4D4D4D4D4D4D4D4D4D4D4D4D4D4D4D492
:101E1000D4D4D4D4D4D4D4D4D4D4D4D4D4D4D4D482
:101E2000D4D4D4D4D4D4D4D4D4D4D4D4D4D4D4D472
:101E3000D4D4D4D4D4D4D4D4D4D4D4D4D4D4D4D462
:101E4000D4D4D4D4D4D4D4D4D4D4D4D4D4D4D4D452
:101E5000D4D4D4D4D4D4D4D4D4D4D4D4D4D4D4D442
:101E6000D4D4D4D4D4D4D4D4D4D4D4D4D4D4D4D432
:101E7000D4D4D4D4D4D4D4D4D4D4D4D4D4D4D4D422
:101E8000D4D4D4D4D4D4D4D4D4D4D4D4D4D4D4D412
:101E9000D4D4D4D4D4D4D4D4D4D4D4D4D4D4D4D402
:101EA000D4D4D4D4D4D4D4D4D4D4D4D4D4D4D4D4F2
:101EB000D4D4D4D4D4D4D4D4D4D4D4D4D4D4D4D4E2
:101EC000D4D4D4D4D4D4D4D4D4D4D4D4D4D4D4D4D2
:101ED000D4D4D4D4D4D4D4D4D4D4D4D4D4D4D4D4C2
:101EE000D4D4D4D4D4D4D4D4D4D4D4D4D4D4D4D4B2
:101EF000D4D4D4D4D4D4D4D4D4D4D4D4D4D4D4D4A2
:101F0000D4D4D4D4D4D4D4D4D4D4D4D4D4D4D4D491
:101F1000D4D4D4D4D4D4D4D4D4D4D4D4D4D4D4D481
:101F2000D4D4D4D4D4D4D4D4D4D4D4D4D4D4D4D471
:101F3000D4D4D4D4D4D4D4D4D4D4D4D4D4D4D4D461
:101F4000D4D4D4D4D4D4D4D4D4D4D4D4D4D4D4D451
:101F5000D4D4D4D4D4D4D4D4D4D4D4D4D4D4D4D441
:101F6000D4D4D4D4D4D4D4D4D4D4D4D4D4D4D4D431
:101F7000D4D4D4D4D4D4D4D4D4D4D4D4D4D4D4D421
:101F8000D4D4D4D4D4D4D4D4D4D4D4D4D4D4D4D411
:101F9000D4D4D4D4D4D4D4D4D4D4D4D4D4D4D4D401
:101FA000D4D4D4D4D4D4D4D4D4D4D4D4D4D4D4D4F1
:101FB000D4D4D4D4D4D4D4D4D4D4D4D4D4D4D4D4E1
:101FC000D4D4D4D4D4D4D4D4D4D4D4D4D4D4D4D4D1
:101FD000D4D4D4D4D4D4D4D4D4D4D4D4D4D4D4D4C1
:101FE000D4D4D4D4D4D4D4D4D4D4D4D4D4D4D4D4B1
:101FF000D4D4D4D4D4D4D4D4D4D4D4D4D4D4D4D4A1
:102000000040002031100060C359000059780000E2
:10201000C3590000C3590000C3590000000000006C
:10202000000000000000000000000000C359000094
:10203000C359000000000000C35900000100000067
:10204000C3590000C3590000C3590000C359000020
:10205000C3590000C3590000C3590000C359000010
:10206000C3590000C3590000C3590000C359000000
:10207000C3590000C3590000C3590000C3590000F0
:10208000C359000000000000000000000000000034
:10209000C3590000C3590000C3590000C3590000D0
:1020A000C3590000C3590000C3590000C3590000C0
:1020B000C3590000C3590000C3590000C3590000B0
:1020C000C3590000C3590000C3590000C3590000A0
:1020D000C3590000C3590000C3590000C359000090
:1020E000C3590000C3590000C3590000C359000080
:1020F000C3590000C3590000C3590000C359000070
:10210000C3590000C3590000C3590000C35900005F
:1021100000000000C359000000000000C359000087
:10212000C3590000C3590000C3590000C35900003F
:10213000C3590000C359000000000000C35900004B
:10214000C3590000C3590000C3590000C35900001F
:10215000C3590000C3590000000000000000000047
:10216000C3590000C3590000C3590000C3590000FF
:10217000C3590000C3590000C3590000C3590000EF
:10218000C3590000C3590000C3590000C3590000DF
:10219000C3590000C3590000C3590000C3590000CF
:1021A000C3590000C3590000C3590000C3590000BF
:1021B000C3590000C3590000C3590000C3590000AF
:1021C000C3590000C3590000C359000000000000BB
:1021D000C3590000C3590000C3590000C35900008F
:1021E000C3590000C3590000C3590000C35900007F
:1021F000C3590000C3590000C3590000C35900006F
:10220000C3590000D1000000C3590000C3590000A9
:10221000C3590000C3590000C3590000C35900004E
:10222000C3590000C3590000C3590000C35900003E
:10223000C3590000C3590000C3590000000000004A
:1022400000000000C3590000C3590000C35900003A
:10225000C3590000C3590000C3590000C35900000E
:10226000C3590000C3590000C3590000C3590000FE
:10227000C3590000C3590000C3590000C3590000EE
:10228000C3590000C3590000C3590000C3590000DE
:10229000C3590000C3590000C3590000C3590000CE
:1022A000C3590000C3590000C359000000000000DA
:0822B000C3590000C3590000EE
:1022B800F0B503AF2DE900074EF21000CEF2000092
:1022C8000068C0030ED548F60400BFF35F8FC2F262
:1022D800000050E8001F013140E80012002AF8D140
:1022E800BFF35F8F05F032FF48F608080446C2F2D4
:1022F8000008BFF35F8F07E071685046884705F014
:1023080025FF0446BFF35F8FD8F800508DB3D5F88A
:10231800089005F0EFFEA968401AB0F1FF3F6FEA98
:1023280000014FEAD171297316DD2869C8F8000049
:10233800D5E90010096888470646287B20468A4662
:1023480005F00AFF002ED7D105F0D4FEA0EB090056
:10235800B0F1FF3FD3DC09E0204605F0FDFE05F0B3
:10236800C9FEA0EB0900B0F1FF3FC8DCBDE80007DB
:10237800F0BD2046BDE80007BDE8F04005F0ECBE22
:1023880080B56F4641F25060C2F2200001F085FE30
:10239800002080F3118880BDF0B503AF2DE9000F50
:1023A800ADF2CC6D0BAC204603F0A6FA0DF59F6597
:1023B80021464FF4E072284607F02EF905F1340063
:1023C80005F1380105F1540202F055FFDDF8C005AA
:1023D80005F0F0FCDDF820060022016841F001015B
:1023E8000160DDF82016086820F002000860DDF8BA
:1023F800B805C1F80821C1F81821C1F82821C1F889
:102408003821016821F001010160016841F40041AF
:1024180001600168090409D50168090444BF01681D
:102428005FEA014102D501680904F2D43F218160C5
:10243800016821F001010160DDF8BC05016821F0A7
:1024480001010160016841F400410160016809046B
:1024580009D50168090444BF01685FEA014102D552
:1024680001680904F2D43F2140F2634281600168A7
:1024780021F001010160DDF8F814886C40F00100DA
:102488008864486C10434864486C012262F38300F6
:102498004864486C20F080004864886C40F0200054
:1024A8008864486C40F440404864486C40F4447088
:1024B8004864886C40F080008864886D000709D003
:1024C800886D00071CBF886D5FEA007002D0886DB8
:1024D8000007F2D1886C40F020008864486C20F432
:1024E800404048644A6CDDF8FC0422F4447202F56A
:1024F80088724A64816C40F2634241F00101816450
:10250800416C11434164416C012262F383014164CF
:10251800416C21F080014164816C41F020018164AB
:10252800416C41F440414164416C41F4447141645F
:10253800816C41F080018164816D090709D0816D4A
:1025480009071CBF816D5FEA017102D0816D09071F
:10255800F2D1816C022241F020018164416C21F4A6
:1025680040414164416C21F4447101F58871416432
:10257800DDF87406016841F480310160016841F0BA
:10258800400101602221C0F20F01416040F2685110
:10259800C0F20C11016240F29511C0F2B201416221
:1025A800DC21C0F27A0181627D21C0F25801C1624A
:1025B8004B21C0F2400101632F21C0F22E0141637B
:1025C800816346F62011C16040F6A31181604FF483
:1025D800C841C1614FF4C861816140F6C411C0F6B9
:1025E800804101613F214161016862F3010101609D
:1025F80001684FF4805221F480310160C06FDDF82A
:102608006016A7F1300005F055FB7CA8DDF85415DD
:10261800DDF8582500F58070DDF89C55DDF87C461E
:10262800DDF88886DDF8906605F07CFBDDF8280685
:1026380005F022FBDDF82C0605F01EFBDDF8300660
:1026480005F01AFBDDF8340605F016FB7BA87B9530
:1026580003F023F98146002047F8280C042047F8A6
:102668002C0C032047F8300C45F20400C2F200009D
:102678008B4600F212400122BFF35F8FD0E84F1F54
:10268800C0E8432F002BF9D10029BFF35F8F40F03A
:102698009B8345F204054FF48061C2F20005284689
:1026A80007F008F805F052FDA7F130010A90284616
:1026B80002F03CFC002840F0848348F2045A0121CF
:1026C800C2F2000A0AF53970D0E84F2F002A40F00C
:1026D8006B83C0E8421F002AF6D145F21848012151
:1026E800C2F2000808F14800BFF35F8FD0E84F2F0F
:1026F800002A40F05983C0E8421F002AF6D146F26A
:10270800000041F23811CDF824B0C2F200000144B3
:10271800BFF35F8FBFF35F8F51E8002F42F0004394
:1027280041E80035002DF7D10DF59F6B002ABFF366
:102738005F8F00F15D8348F2000C0125C2F2000CA6
:102748000CF5A061BFF35F8FD1E84F3FC1E8425F4E
:10275800002AF9D1002BBFF35F8F40F0FC824FF0C5
:1027680000427263B2634FF08042B263002232606B
:102778000222C4F84021D4F8402192070CD5D4F89D
:102788004021920744BFD4F840215FEA827203D502
:10279800D4F840219207EED400230A22C4F840312D
:1027A800C4F8A821D4F8842122F08072C4F88421C6
:1027B800D4F84421C4F844210122C4F84831C4F8AB
:1027C8005801879141F238118DF8242201447F90F5
:1027D80000F5865200F5805085910621CDF818C283
:1027E800CDE980107CA858C07CAC84912046CDE906
:1027F80082120121ADF8203204F003FC9DF8241266
:10280800201DCDF82090012939D17C99002940F06C
:10281800AD827D994FF0FF327C92D1F8842022F06E
:102828000042C1F884204FF08072C1F84421D1F8E9
:10283800482142F08072C1F84821D1F8842042F042
:102848008072C1F884200021CDF8FC040DF59F604A
:10285800CDF8F8144FF47A6103F0BFFADDF8FC14F0
:102868008422DDF8F8040968002818BF8C228858EB
:1028780040F0804088507C9801307C903DE0EFF338
:10288800108472B67C99002940F070827D994FF0CF
:10289800FF327C92D1F8842022F00042C1F88420D3
:1028A8004FF08072C1F84421D1F8482142F080727B
:1028B800C1F84821D1F8842042F08072C1F8842000
:1028C8000021CDF8FC040DF59F60CDF8F8144FF405
:1028D8007A6103F082FADDF8FC148422DDF8F8044A
:1028E8000968002818BF8C22885840F0804088501A
:1028F8007C9801307C9084F310887CA859464FF06E
:10290800000C08F10C096CC86CC17CC87CC190E84B
:102918007C0004207CC15A46494688F80500C8F85E
:1029280000C039CA39C179CA79C192E87900002250
:1029380079C14FF0FF300821C8F80800012088F855
:102948000400FF20CDE902100620009048468021AF
:102958008023C8F844C004F085FD0C46D8F8081058
:10296800C00701F10101C8F8081040F04C82D8F8FE
:102978000000002840F0008298F80450002905F172
:10298800010088F8040040F0E0814FF0FF304FF478
:102998000071C8F808000020CDE902100520009059
:1029A800484600210022002304F05CFD0E46D8F8BA
:1029B8000810C00701F10101C8F8081040F02A8288
:1029C800002940F0C2814FF0FF304FF40071C8F881
:1029D80008000020CDE9021005200090484680211B
:1029E8000022802304F03EFDD8F80820C00702F139
:1029F8000102C8F8082040F01082002A40F0A581A2
:102A08004FF0FF30CDE90516C8F808000020402136
:102A18000122CDE90210032000904846002100233E
:102A280007955E4604F01EFD0D46D8F80810C0074D
:102A380001F10101C8F8081040F00282002940F0B5
:102A480084814FF0FF304021C8F808000020CDE90C
:102A5800021003200090484680210122802304941C
:102A680004F000FD0C46D8F80810C00701F1010178
:102A7800C8F8081040F0EB81D8F80000002840F0B2
:102A880081814FF0FF300029C8F8000040F08081B4
:102A9800C8F80800484604F0BDFCD8F80800013022
:102AA800C8F80800C0F07A814FF0FF308021C8F8DC
:102AB8000800F01CBFF35F8FC8F84490BFF35F8F26
:102AC80006F0F1FB4846812104F030FA484601211E
:102AD80004F02CFA4846822104F028FA48460221DC
:102AE80004F024FA4846832104F020FA48460321DA
:102AF80004F01CFA4846842104F018FA48460421D8
:102B080004F014FA4846852104F010FA48460521D5
:102B180004F00CFA4846862104F008FA48460621D3
:102B280004F004FA4846872104F000FA48460721D1
:102B380004F0FCF940F6B4100DF5F87BC2F2200061
:102B480000F11C010BF102004FF4D27206F013FCE5
:102B58004FF440708AF81E40AAF81F000024AAF813
:102B680013000AF121008AF8125008F144054FF0C9
:102B7800400831468322AAF81C80CAF81850AAF8DF
:102B88001080CAF80C50AAF8004006F0F4FB40F692
:102B9800743140F20940AAF8CC000920C2F22001A1
:102BA8004FF4D372CAE92F100AF1CE005946CAF879
:102BB800C440CAE92B44CAF8B440CAF8A44006F095
:102BC800DAFB45F204003221C2F20000CAE9A11979
:102BD800CAF8DC0245F624010798C2F2DD718AF8CA
:102BE800D90205988AF8D2024FF4A060AAF8D30255
:102BF800AAF8C70206988AF8C6024FF40070AAF825
:102C0800D002AAF8C40240F2FF60AAF8BB020498F6
:102C18008AF8BA020820AAF8B802AAF898024FF46B
:102C28001650CAF894024FF07F40CAF88C0202206E
:102C38008AF880021020C0F21020CAF8CC52CAF8D4
:102C48007C020A98CAF8C052CAF8B45201258AF818
:102C5800E042AAF8DA428AF8D842CAF8AC42CAF87E
:102C6800A0428AF89A428AF890428AF88382AAF89F
:102C78008142CAE99D5105F06FFA4EF21000CEF27A
:102C88000000016821F001010160016841F00401C0
:102C9800016042F2BF71C0F209014160016841F070
:102CA80002010160016841F00101016048F6080075
:102CB800BFF35F8FC2F20000057145F20000BFF359
:102CC8005F8FC2F20000006800F17401D1E84F2F55
:102CD80052B9BFF35F8FDDE90836C1E8425FBAB188
:102CE800D1E84F2F002AF8D040F64C5040F63C531C
:102CF800C2F22000BFF32F8F009040F67D30A7F17D
:102D08001D02C2F22000C2F220032B2105F052FE60
:102D18000021BFF35F8F80F8701041F24861C2F262
:102D2800200101220160BFF35F8F80F8752041F216
:102D38005060C1E90036C2F22000C0F800A062B6B7
:102D48000DF2CC6DBDE8000FF0BD40F69410C2F254
:102D5800200005F0EEFD40F6241040F68412C2F281
:102D68002000C2F22002202105F007FE40F6A41040
:102D7800C2F2200005F0DDFD40F6C040C2F220009E
:102D880005F0D7FD40F6B040C2F2200005F0D1FDB5
:102D980040F6A040C2F2200005F0CBFD40F690407E
:102DA800C2F2200005F0C5FD40F6F04040F62C5276
:102DB800C2F22000C2F220027921BFF32F8F05F062
:102DC80031FE0A9805F0C8F940F66C5040F65C539D
:102DD800C2F220007CAA009040F67D30C2F22000AA
:102DE800C2F220032B217E96CDE97C4805F0E2FD56
:102DF80040F2000040F6D402C2F22000C2F22002E3
:102E08001F2105F0BAFD40F680408DF8F041C2F26E
:102E1800200008E08DF8F06101E08DF8F01140F62F
:102E28007040C2F2200040F65043009040F66040E7
:102E38007CAAC2F22000C2F220030F2105F0BAFDDD
:102E480040F6E0408DF8F051C2F2200005E040F66F
:102E5800D0408DF8F041C2F2200040F65043009077
:102E680040F6E4007CAAC2F22000C2F2200320212E
:102E780005F0A0FD80B56F4690B017E0686A046859
:102E8800206800284ED041F27840C2F22000C16884
:102E9800032085F8700085F86C0085F8680085F8CF
:102EA800650041F2B700C0F2000088474FF0000803
:102EB80045F20000C2F20000056895F87400002889
:102EC800F6D005F17500D0E84F1F012903D1C0E8FD
:102ED800418F19B1F7E7BFF32F8FE9E7BFF35F8F92
:102EE80095F87000D0B1A94619F86C0F002856D093
:102EF800032840F0F981AA461AF8680F002850D034
:102F0800032840F0F781AB461BF8650FABF1450885
:102F1800002857D0032800F0AF80F1E12968C5E9FF
:102F280001185DE041F27840C2F22000016841F2E8
:102F3800B700C0F200008847824620688846366895
:102F480000281EBFC168606888470020C4E9018660
:102F580020612073AE6AC4F800A005F0F7F8BFF34B
:102F68005F8F316809B3A2688B68D31A1CD40B69C8
:102F780083B39E68961B1E462BD4196931B38E689D
:102F8800961B09D40B692BB39E68961B20D419692C
:102F9800E1B18E68961BEAD50E46194619E0EC6831
:102FA8002EE0D5E9046434E02161346005F0D4F8FA
:102FB800E86A4FF0806104604EF60450CEF20000DB
:102FC800016060E7A96B00232E6E37E0194601E027
:102FD8001E4626610C6105F0BFF8E86A046052E7F6
:102FE800D1E90001012201F01F01A9464FF4FA744A
:102FF80002FA01F1C0F88C1009F86C8F49F8604C9E
:10300800AA4648F608060AF8688FC2F200064AE996
:10301800166405F06FF8AB4601460BF8658F43461A
:103028002218002C4BF8056C18BF511C4BF82D1CAE
:10303800ABF145084BF84D0C4BF8491C284640F8B5
:103048003C1F80F828303179002900F04281294658
:10305800012241F8403FA1F1200C81F824200A46C2
:1030680042F81C3F01F118038CE8490041E90526A4
:1030780041F80C2CC1E9051105F03CF8D8F80060BE
:103088003168401AB0F1FF3F7FF7F8AE686D01680C
:1030980051B1007B4FF00008002818BF85F8648004
:1030A80095F8640078BB56E04FF00008D5E90C406D
:1030B80085F86480066805F049F8BFF35F8F2168DA
:1030C800E1B10A698E4201D1226017E0B2B113461C
:1030D800964211D0116989B18E4209D00A696AB144
:1030E800964208D0116949B18E4201D00A69EDE7CC
:1030F8000B46114600E013461A690A6105F02CF8E0
:1031080095F8640038B3D5E90C40066805F01EF858
:10311800BFF35F8F2168E1B10A698E4201D1226055
:1031280017E0B2B11346964211D0116989B18E42A7
:1031380009D00A696AB1964208D0116949B18E422C
:1031480001D00A69EDE70B46114600E013461A69FB
:103158000A6105F001F8286C85F8648000281EBF14
:10316800C168686C884701208BF800008AF8000065
:1031780089F8000048F61400C2F20000006802282E
:103188002AD946F6A9501121C0F2000040F63C4267
:10319800019005F10800009068460E9040F2132057
:1031A800C2F220000C910D9003200A900B20099088
:1031B80040F24810C2F22000CDE9061808903B20E2
:1031C800039001200290781E02A9C2F220020B92FD
:1031D800CDE9048205F0C6F82C4646F6B75154F8F6
:1031E800080FCBF2DB6144F62512C2F2924241434A
:1031F800914230D248F61401C2F20001096802294E
:1032080029D346F6A95040F63C41C0F200000222FC
:10321800CDE9004068460E9040F21C70C2F22000D2
:10322800C2F220010D9011200C90CDE906083D2036
:103238000A920B2203900120099240F24812029050
:10324800781E0B91C2F22002CDE9048102A90892EE
:1032580005F088F8206843F2A77146F22C42CEF6B2
:10326800BD11C0F62132414391422ED848F61401CF
:10327800C2F20001096841B346F6A9501121C0F213
:1032880000000B23CDE9004068460E9040F24850FC
:10329800C2F220000C910D900120CDE906184021C2
:1032A80040F63C42099340F24813CDE902010A90E6
:1032B800781E02A9C2F22002C2F220030B920893E0
:1032C800CDE9048205F04EF8206801306968A860ED
:1032D80086E640F6A83040F6FC32C2F22000C2F280
:1032E8002002A32105F09EFB40F62C40C2F22000EC
:1032F80005F06AFE40F61C40C2F2200005F064FEAC
:1033080040F60C40C2F2200005F05EFE80B56F4624
:10331800007840F604120B4640F64861C2F22001DC
:10332800C2F2200251F8201052F820201846BDE8B9
:10333800804005F070BA80B56F46084640F6FA51ED
:10334800C2F220011222BDE8804005F064BA80B5BF
:103358006F46084640F60C61C2F220010222BDE821
:10336800804005F06FB980B56F4645F20000012135
:10337800C2F200000068BFF35F8F80F8751080BD4F
:1033880080B56F469EB048F610000121C2F20000D9
:1033980072B601704EF27140CEF20000F021017059
:1033A8004EF20C10CEF200004FF400310160002004
:1033B800ADF8740045F20000C2F2000069460160F1
:1033C80048F61C0044F20001C2F20000C2F20001FB
:1033D800814203D9EFF30881814203D9FEF7DCFF6C
:1033E800FFF748FD40F60E6040F63862C2F2200052
:1033F800C2F22002532105F015FBF0B503AF2DE909
:10340800000F81B0146880460122BFF35F8F04F279
:103418001146D6E84F0FC6E8432F002BF9D1BFF36A
:103428005F8F20B1012001B0BDE8000FF0BDD4F8D6
:103438000004BFF35F8FD4F80424BFF35F8F90427A
:1034480004D2C34312EB030A0BD177E0B0F5806FC7
:1034580005D1012A72D9A2F1010A002001E0C0F5C4
:10346800806AD146514538BF89468B4609EB000131
:103478002044BFF35F8FC4F80C1441464A4605F058
:103488007AFF94F8110404F20C45BFF35F8F58B328
:10349800D4F80004BFF35F8FBFF35F8F55E8001FB8
:1034A80045E80012002AF9D1BFF35F8FB0F5806FAD
:1034B800D4F80824BFF35F8FD4F80C14BFF35F8FE0
:1034C80001D0814203D3914205D94FF48060BFF304
:1034D8005F8FC4F80804BFF35F8FC4F8001400209E
:1034E800BFF35F8F84F81104D3456BD908EB09014A
:1034F800ABEB090C0123BFF35F8FD6E84F2FC6E86B
:10350800403F0028F9D1002ABFF35F8F7FF48AAFCC
:10351800D4F80034BFF35F8FD4F80424BFF35F8F6F
:10352800934203D2D843121813D107E0B3F5806F42
:103538000DD1012A02D9013A00230AE00020002116
:10354800BFF35F8F317001B0BDE8000FF0BDC3F568
:103558008062944538BF6246D018BFF35F8FC4F8C5
:103568000C04E01805F007FF94F81104BFF35F8F0F
:1035780040B3D4F80004BFF35F8FBFF35F8F55E803
:10358800001F45E80012002AF9D1BFF35F8FB0F59C
:10359800806FD4F80824BFF35F8FD4F80C14BFF3FE
:1035A8005F8F01D0814203D3914205D94FF48060E7
:1035B800BFF35F8FC4F80804FF20BFF35F8FC4F820
:1035C8000014BCE7FF2001B0BDE8000FF0BD80B5D6
:1035D8006F4690F83420012A10D10268002A40F082
:1035E800AB8042680B684FF0FF310160D2F844119C
:1035F800012B17D1890123D48C2116E0EFF3108C0D
:1036080072B60368002B40F097800A684FF0FF33CA
:1036180041680360012AD1F844310AD19A012BD4B8
:103628008C2309E0C90143D484215158C943C90FE7
:103638005AE0DA015DD48423C958C943C90F74E03C
:103648004FF00071C2F84411D2F844319B014AD5B9
:10365800C2F84411D2F844319B0142BFC2F8441168
:10366800D2F844315FEA83133DD5C2F84411D2F849
:1036780044319B01E6D436E04FF00073C1F8443181
:10368800D1F8442192014FD5C1F84431D1F84421F1
:10369800920142BFC1F84431D1F844215FEA821255
:1036A80042D5C1F84431D1F844219201E6D43BE037
:1036B8004FF08071C2F84411D2F84431DB0112D5C1
:1036C800C2F84411D2F84431DB0142BFC2F84411B8
:1036D800D2F844315FEAC31305D5C2F84411D2F8D1
:1036E8004431DB01E6D40121026801320260084658
:1036F80080BD4FF08073C1F84431D1F84421D20124
:1037080012D5C1F84431D1F84421D20142BFC1F8E1
:103718004431D1F844215FEAC21205D5C1F84431D9
:10372800D1F84421D201E6D40121026801320260B5
:1037380008468CF3108880BD40F6A860C2F22000CD
:1037480005F0F7F8F0B503AF4DF8048D8268012A4B
:103758003ED1C3684269934260D20569D0F818C067
:10376800EC5C0134EC540CF1020494422CD80CF5B6
:1037780080739646934238BF9E46A34246D3AEEB2B
:103788000403052B20D38B790E7A91F807E091F882
:103798000980022E89882B5505EB040399704FEA9E
:1037A8001121D9704FF0010183F804E088BFF11EA0
:1037B8003601CCB246EA8806012C08BF711C597044
:1037C8000CF10703934207D902205DF8048BF0BD82
:1037D80007205DF8048BF0BD944528D2072105F831
:1037E8000C100CF1010191423FBF05226A5483611C
:1037F800FF203CBF5DF8048BF0BD40F678630846B7
:10380800C2F2200311461A4605F0F2F840F6886322
:103818002046C2F22003714605F087FB40F6986403
:103828001846C2F220041146224605F0E1F840F697
:1038380068636046C2F2200311461A4605F0D8F8BC
:10384800F0B503AF2DE9000786B001EBC2061D46AF
:103858009146884682467AB14446D4E900012A4610
:103868004B6A51469847BAF8000040F00200062813
:1038780027D10834B442F0D1687A30B3BAF80000DE
:1038880040F0020006281CD1DAF80C000921AAF839
:1038980000100068BFF35F8F002800F0B3809AF82B
:1038A8001210012203F0A2FCDAF818000068BFF336
:1038B8005F8F002800F0A6809AF81E10012203F0FE
:1038C80095FC06B0BDE80007F0BD297AA879022961
:1038D80029D0012913D00029D0D1002855D0062895
:1038E80047D00828CAD19AF88E0201210591A7F17C
:1038F800220102380491B0FA80F0400968E018B358
:103908000A28BBD16D88FF2D4ED9BAF8000040F0C7
:1039180002000628D5D1504606B0BDE80007BDE82C
:10392800F04001F0ACB90028A8D16988DAF888021B
:1039380001F08F0103F0B2FBBAF800100429C0D1DE
:10394800AAF82400002006E0BAF800000428B8D13C
:103958000020AAF82400BAF806100122AAF80020CC
:10396800022928BF0221CAE92B01504601F0C3F8F9
:1039780034E069884A4628885346CDE900010AF1AF
:10398800B400414600F03CF928E09AF88C02022283
:103998009AF88D120592A7F1220240000492C0B253
:1039A800084327F8220C15E0B9F1000F0AD0D8E92E
:1039B80000014A6B29469047C00714D108F108084E
:1039C800B045F4D101200590A7F122000490002011
:1039D80007F8220C04A9504600F0F3FEC043000685
:1039E8007FF46FAF4AE7012007F8221C0590A7F182
:1039F800220004A90490504600F0E3FE06B0BDE89A
:103A08000007F0BD40F6E46040F60872C2F22000FC
:103A1800C2F22002222104F0FFFF0000F0B503AF3C
:103A28002DE9000F81B001EBC2061D4691468A467A
:103A3800834682B15446D4E900012A460B6A5946A6
:103A48009847BBF8000040F00200062840F0D480F8
:103A58000834B442EFD1687A88B3BBF8000040F06C
:103A68000200062840F0C880DBF80C000921ABF8FA
:103A780000100068BFF35F8FB0B19BF812100122ED
:103A880003F0B4FBDBF818000068BFF35F8F002871
:103A98001FBF9BF81E10012201B0BDE8000F1CBF1C
:103AA800BDE8F04003F0A2BB40F6E46040F60872BF
:103AB800C2F22000C2F22002222104F0ADFF297ACE
:103AC800A879B5F80080B1B3012911D00229C4D171
:103AD800012844D0032808BFB8F1000FBDD1698878
:103AE8000122DBF8880201F08F0103F07FFB7CE004
:103AF8000B28B2D16D8845EA0800FF283CD8B9F1F7
:103B0800000F0BD0DAE9000142468B6B2946984733
:103B180000285CD10AF1080AB245F3D1B8F1000FC8
:103B280063D0BBF8000040F00200062864D1584674
:103B380001F0A5F891E7013808283FF68EAFDFE8D5
:103B480000F006053505290505053D0085E7B8F1AE
:103B5800010F7FF482AF00208BF88C0245E0B8F1AA
:103B6800000F7FF47AAF69880022DBF8880201F041
:103B78008F0103F03BFB38E0BBF8000040F0020087
:103B8800062839D1584601B0BDE8000FBDE8F0401D
:103B980001F075B8A8F1010080B27F28BFF45DAFCD
:103BA800DBF88802414603F042FB1BE0B8F1010F45
:103BB8007FF453AF01208BF88C0216E0B8F1000FA8
:103BC8000DD0B8F1010F7FF448AF02200BE0584642
:103BD80001B0BDE8000FBDE8F04000F01CBE9BF846
:103BE8008E0210B101208BF88E02584600F013FEA9
:103BF800C04300063FF431AF01B0BDE8000FF0BD8F
:103C0800F0B503AF2DE900078AB0BD680E464FF046
:103C1800FF340190A9B204EB11210E2951D8DFE835
:103C280001F008420D5050505050505050505050D4
:103C38004B0001A9184600F073FDEDE0290669D094
:103C4800D7F80C905FFA85FCBCF1040F7AD2D0F853
:103C5800C0110022A1EBC1014FEA810E1EEB020642
:103C68002FD081181FFA89F50C8BAC4200F0BA806E
:103C780016F11C0425D08C8EAC4200F0B08016F1F1
:103C880038041ED0B1F85040AC4200F0AA8016F1BA
:103C9800540416D0B1F86C107032A942DED1104429
:103CA800A0F11C019EE001A802A902901846CDE9E6
:103CB800036200F006FCAFE0B0F8CA01B0F5007F7F
:103CC80023D1188840F00200062840F0B580D86853
:103CD800092119800068BFF35F8F002800F0B180C8
:103CE800997C01221C4603F081FAA0690068BFF3A1
:103CF8005F8F002800F0A580A17F012203F076FAEB
:103D0800FF200AB0BDE80007F0BD1846314600F0B4
:103D180061FB81E0D0F8C0110022CDE90822CDE98D
:103D280006221029CDE90422CDE902220A4628BF3D
:103D3800102200294DD002F0030C042913D24FF0B1
:103D4800000E31E09846002A6ED006EBC204D6E990
:103D580000014A464B6929469847002856D108363B
:103D6800A642F4D160E0910822F0030EC90000F1E8
:103D78005008A1EB92014FEA011902A9A1F1080428
:103D88000021451838F801A07031AE8E8945B5F884
:103D98006C202D8B24F8085F6680A4F804A0E280CC
:103DA800EFD1BCF1000F14D0CEEBCE01BCF1010F66
:103DB80000EB810002A9028B21F81E2009D001EB3B
:103DC8004E01828EBCF1020F4A801CBFB0F8500031
:103DD800888002A901AA184600F0EDFB1CE01C31FE
:103DE80000E038319846BCF1010F09D0BCF1020F50
:103DF80002D00422084606E001F108000C2202E085
:103E080001F110001422006870B18958CDE902014F
:103E180002A9404600F032FCC143090608BFFF2052
:103E28000AB0BDE80007F0BDB8F80000434640F00E
:103E3800020006283FF44BAF07200AB0BDE8000790
:103E4800F0BD40F6E46040F60872C2F22000C2F20B
:103E58002002222104F0E0FDF0B503AF2DE9000FA8
:103E68008FB0D0F88842064607A8884615462146EE
:103E780003F010FA96F88E22BDF81C10032A0FD111
:103E880000294FF0000018BF03290FD096F88F22A1
:103E9800FF2A00F0F780FF2086F88E2286F88F022E
:103EA8000020DFE801F00311320703000FB0BDE87E
:103EB800000FF0BD032086F88F2286F88E020020BE
:103EC8000FB0BDE8000FF0BD204603F073FA0020E4
:103ED8004FF47F41002D86F8900286F88C02A6F8F0
:103EE8008E123080E2D008EBC504A8F1080555F819
:103EF800080F69688969884705F10800A042F6D16A
:103F080000200FB0BDE8000FF0BDBDF82010BDF8CF
:103F18001E00BDF82220CDE90401084340EA020949
:103F280006925FEAC97049D00698C00713D1049871
:103F3800C0072CD00CA8314600F099FC9DF8390038
:103F4800FE2824D0DDE90C12BDF83800ADF82C00AD
:103F5800CDE9091203E009A8314600F03AFD9DF8C1
:103F68002D00FF2813D09DF82B00B8B1802823D14D
:103F7800DDE909010CABBDF82C20CDE90C01304678
:103F8800ADF8382041462A46FFF75AFC14E0059858
:103F9800C00711D0304600F013FE0DE0DDE909013D
:103FA8000CABBDF82C20CDE90C013046ADF838201B
:103FB80041462A46FFF732FD29F00109E800B9F128
:103FC800000FCDE90285019047D00398002854D00E
:103FD800DDE90110A0F108054FF0020B012600EB06
:103FE800010806982C461BEA000F0AD054F8080F5F
:103FF80061688A6A3146904704F108004045F5D166
:104008000EE004981BEA000F0AD02C4654F8080F5B
:104018006168CA6A3146904704F108004045F5D105
:1040280005981BEA000F0DD066F07F04AA465AF8DF
:10403800080FDAF804100A6B214690470AF10800C5
:104048004045F4D129EA0B095FEA094005D0701C04
:104058000F2E4FEA4B0B0646C3D3039868B1DDE930
:104068000110A0F10805441855F8080F6968C969D6
:10407800884705F10800A042F6D101200FB0BDE83D
:10408800000FF0BD40F6B86040F6D462C2F22000DE
:10409800C2F220021C2104F070FC80B56F46006853
:1040A800BDE8804000F010BE80B56F460068BDE8EE
:1040B800804004F0C7BF80B56F460A46D0E90001CA
:1040C800BDE8804005F093B8D0B502AF537A012B14
:1040D80007D1137A012B02BF90F8443054889C42D0
:1040E80000D0D0BD9379212B04BF9288072A28D00D
:1040F800088840F002000628F3D1C86809220A801F
:104108000068BFF35F8F88B18A7C0C461146012294
:1041180003F06CF8A0690068BFF35F8F00281FBF29
:10412800A17F0122BDE8D04003F060B840F6E4600A
:1041380040F60872C2F22000C2F22002222104F0E6
:104148006BFC0A88042A18BFD0BDCA88002390F8DF
:1041580004C0012490F805E0072AC1F8AC3083793F
:104168000068486208460C8081F8283081F829E008
:1041780081F82AC028BF0722C1F8B020BDE8D04086
:1041880000F0B9BCD0B502AF84B0537A012B07D187
:10419800137A012B02BF90F8443054889C4201D016
:1041A80004B0D0BD9379002B51D0202B0ED0222BF8
:1041B8002CD112780B8802F0010480F84640C2F333
:1041C8004002062B80F84720EAD143E0D1F8B0201E
:1041D800812A60D2062A19D991F8282091F8294015
:1041E80091F82AE0032A4B6AB1F800C003604FF047
:1041F800000380F804E028BF1A46052C827138BFF6
:104208002346BCF1060F4371CAD123E0088840F069
:1042180002000628C4D1C86809220A800068BFF3D2
:104228005F8F68B38A7C0C461146012202F0DEFFDC
:10423800A0690068BFF35F8F00281FBFA17F01221C
:1042480004B0BDE8D04018BF02F0D0BF18E008881D
:104258000628A5D188690368BFF35F8F83B18A7F79
:104268000020009002A80C461946012303F0B2F87A
:104278009DF80810002904BF0821218004B0D0BD92
:1042880040F6E46040F60872C2F22000C2F2200252
:10429800222104F0C1FB40F68C731146C2F22003C0
:1042A8000020802204F041FEF0B503AF2DE9000B99
:1042B80086B090F844608146002402258846084666
:1042C800314602220223CDE90054029403F0F4F9A6
:1042D800C143090603D006B0BDE8000BF0BDD9F80C
:1042E8000C00002299F808100223002818BF0120AA
:1042F800CDE90054CDE902014046314603F04DF9BD
:10430800C1430906E7D140F618724046C2F22002BE
:104318002421032303F02FFAC1430906DBD140F21D
:10432800CD324046C2F220022421022303F023FAB0
:10433800C1430906CFD10620A7F11E0207F81D6C5C
:10434800242199F84560032307F81E0C404607F816
:104358001C6C03F010FAC1430906BCD10120A7F177
:104368001B0227F81B0C40462421032307F8196C6D
:1043780003F001FAC1430906ADD109F12001404615
:10438800FFF7E0F9C1430906A5D1D9F818000022C2
:1043980099F814100A23002818BF0120CDE900223B
:1043A800CDE902014046314603F0F7F8C14309065A
:1043B80091D109F138014046FFF7C4F9C143090614
:1043C80089D109F12C014046FFF7BCF906B0BDE8D8
:1043D800000BF0BDF0B503AF2DE9000B8CB00C4617
:1043E800018804291AD1B0F8069080462430059037
:1043F80001A80B9009A80021154680220791069272
:104408008DF8201003910191099103F0C5FBC14378
:10441800090608D00CB0BDE8000BF0BD07200CB0B1
:10442800BDE8000BF0BD6DB104EBC50609ADD4E9DC
:1044380000010A6929469047C1430906EAD10834B0
:10444800B442F4D109A803F000FC079980291DD9CA
:10445800D8F80C000922A8F800200068BFF35F8F85
:1044680020B398F81210012202F0C0FED8F8180004
:104478000068BFF35F8FC8B198F81E10012202F0E0
:10448800B5FE02200CB0BDE8000BF0BD012340468C
:104498000022A8F80030494538BF8946C0E92B29D1
:1044A80000F029FB0CB0BDE8000BF0BD40F6E4605D
:1044B80040F60872C2F22000C2F22002222104F063
:1044C800ABFAF0B503AF2DE9000788B00288042ADB
:1044D8001AD1D1E9002580238C680021B0F8069014
:1044E8008046243004900691684605938DF81C1088
:1044F80002910091116802F0E7FFC143090608D054
:1045080008B0BDE80007F0BD072008B0BDE8000707
:10451800F0BD8CB105EBC4066C464FF0000AD5E936
:104528000001CA6821469047C1430906E8D1083509
:10453800CDF808A0B542F2D1684603F0ACF8069968
:1045480080291DD9D8F80C000922A8F80020006895
:10455800BFF35F8F20B398F81210012202F046FED5
:10456800D8F818000068BFF35F8FC8B198F81E101C
:10457800012202F03BFE022008B0BDE80007F0BDB2
:10458800012340460022A8F80030494538BF894633
:10459800C0E92B2900F0AFFA08B0BDE80007F0BD6C
:1045A80040F6E46040F60872C2F22000C2F220022F
:1045B800222104F031FAB0B502AF88B00446008871
:1045C80004281CD110688C46E588002180220691B9
:1045D800D0F8C001059204F1240204924300212B73
:1045E8008DF81C100291009133D26846032162466F
:1045F80003F0C1F8C143090604D008B0B0BD0720D4
:1046080008B0B0BD0698802816D9E0680921218035
:104618000068BFF35F8F30B3A17C012202F0E6FD92
:10462800A0690068BFF35F8FE8B1A17F012202F0A3
:10463800DDFD022008B0B0BD012200212280A84281
:1046480038BF05462046C4E92B1500F054FA08B0D7
:10465800B0BD40F61C740020C2F220041946202286
:10466800234604F062FC40F6E46040F60872C2F2A9
:104678002000C2F22002222104F0CEF9B0B502AF28
:1046880088B004460088042815D1D1E9001200201A
:10469800802306908DF81C000290009068460593D0
:1046A80004F12403E588049303F059F9C14309068A
:1046B80004D008B0B0BD072008B0B0BD0698802867
:1046C80016D9E068092121800068BFF35F8FE0B147
:1046D800A17C012202F08AFDA0690068BFF35F8F08
:1046E80098B1A17F012202F081FD022008B0B0BD7F
:1046F800012200212280A84238BF05462046C4E98D
:104708002B1500F0F8F908B0B0BD40F6E46040F6AB
:104718000872C2F22000C2F22002222104F07CF9C1
:10472800B0B502AF88B004460088042814D10968DF
:104738000020802206908DF81C00029000906846A8
:10474800059204F12402E588049203F060F8C1435D
:10475800090604D008B0B0BD072008B0B0BD06985F
:10476800802816D9E068092121800068BFF35F8F8F
:10477800E0B1A17C012202F039FDA0690068BFF315
:104788005F8F98B1A17F012202F030FD022008B0AE
:10479800B0BD012200212280A84238BF054620462C
:1047A800C4E92B1500F0A7F908B0B0BD40F6E460E5
:1047B80040F60872C2F22000C2F22002222104F060
:1047C8002BF9F0B503AF4DF804BD0288042A06D1D1
:1047D8004C68802C07D902205DF804BBF0BD072087
:1047E8005DF804BBF0BD096800F12402C6880546DF
:1047F8001046224604F0BFFD0020B44238BF2646CA
:10480800C5E92B060120288028465DF804BBBDE8D1
:10481800F04000F070B9D0B502AF84B00188062925
:1048280017D181690968BFF35F8FA9B10446827FF8
:1048380000200123009002A802F0CCFD9DF808009A
:1048480001280FBF9DF8090008202080FF2004B030
:10485800D0BD072004B0D0BD40F6E46040F6087231
:10486800C2F22000C2F22002222104F0D5F8F0B5ED
:1048780003AF4DF804BD86B0044608880D46411EB6
:10488800032929D3052827D0072840D1D5F8AC60BB
:10489800D5F806206889802ED5F80210ADF80C00EE
:1048A800CDE9011200F28480E8680168BFF35F8FE8
:1048B800002972D0C6F180000090A819AA7C00F1E6
:1048C800240304A802F056FD9DF81000002844D0E7
:1048D8009DF8110060BB4DE0E8680168BFF35F8F89
:1048E80000295AD0AA7C01A800260123009602F0CC
:1048F80041FD9DF8040040B19DF80500FE2161725C
:10490800207006B05DF804BBF0BD2E8032E0E86888
:104918000168BFF35F8F00293FD00020AA7C009078
:1049280001A8012302F026FD9DF804000028E3D128
:10493800E868092129800068BFF35F8F68B3A97C04
:10494800012202F053FCA8690068BFF35F8F20B30F
:10495800A97F012202F04AFC0CE005988119B142B6
:104968002FD381292DD2D5E92B120844C5F8AC00E4
:10497800904205D2FF20607206B05DF804BBF0BD1E
:10498800DDE901010623BDF80C202B802060616061
:10499800228106B05DF804BBF0BD40F6E46040F645
:1049A8000872C2F22000C2F22002222104F034F878
:1049B80040F64C733046C2F220038021802204F076
:1049C800B4FA40F63C733046C2F22003802204F069
:1049D800ACFAF0B503AF2DE9000F83B00446C86800
:1049E8000D460168BFF35F8F002971D08020AA7C33
:1049F800009005F1240301A802F0BCFC9DF8040016
:104A0800012836D0029981296DD2082931D1E86868
:104A180095F82410B5F82AB0D5F8268001F01F02C1
:104A280095F82590042A006828BF0422BFF35F8FF9
:104A380000284DD0C1F3411301F08006A97C42EA59
:104A4800032A002202F0D2FBCEB9BBF1000F2ED010
:104A5800BBF1800F0DD80020A5F80AA0C5E92B0BE3
:104A68006872072085F80890A5F806B0C5F8028096
:104A78002880FF20607203B0BDE8000FF0BD04205D
:104A8800A5F80AA06E7285F80890A5F806B0C5F8D2
:104A980002802880A4F808A0E67184F80690A4F89B
:104AA80004B0C4F8008003B0BDE8000FF0BD0620D4
:104AB800A4F808A028800020C5F8B000E07184F8A8
:104AC8000690A080C4F8008003B0BDE8000FF0BDD8
:104AD80040F6E46040F60872C2F22000C2F22002FA
:104AE800222103F099FF40F65C730020C2F22003F4
:104AF800802204F01AFAF0B503AF4DF804BD84B073
:104B08000446D0E92936D0F8AC00D4F8B010002B10
:104B1800A58B08BF8026091AA94238BF0D46291857
:104B280034D2B14232D8A1690968BFF35F8FA1B30B
:104B3800A27F002B009508BF04F12403034402A8B8
:104B480002F048FC9DF8080028B19DF8090004B05F
:104B58005DF804BBF0BD039AD4F8AC00811827D2E5
:104B6800B14225D8D4F8B000C4F8AC10814208D3BB
:104B78000020A18BC4F8A40003208A4208BF0220A9
:104B88002080FF2004B05DF804BBF0BD40F67C73C4
:104B98003246C2F2200304F0C8F940F6E46040F659
:104BA8000872C2F22000C2F22002222103F034FF70
:104BB80040F66C733246C2F2200304F0B6F90000E6
:104BC800B0B502AF84B001884B1E0021072B40D836
:104BD8000022DFE803F00423100D0D0D0D39FFF757
:104BE8008AFF0146C0B2B0F1FF020CBF1146012294
:104BF800104604B0B0BDC1680A68BFF35F8F9AB3AE
:104C0800817C054610460022002402F0EFFA0520B8
:104C1800214628800022104604B0B0BD8169096889
:104C2800BFF35F8F01B30446827F00200123009009
:104C380002A802F0CFFB9DF8080070B19DF809109A
:104C48000122104604B0B0BD01210280104604B014
:104C5800B0BD0022104604B0B0BD03200021208062
:104C68000022104604B0B0BD40F6E46040F6087279
:104C7800C2F22000C2F22002222103F0CDFED0B5FC
:104C880002AF0446C068092121800068BFF35F8F26
:104C980078B1A17C012202F0A9FAA0690068BFF3EB
:104CA8005F8F00281FBFA17F0122BDE8D04002F01E
:104CB8009DBA40F6E46040F60872C2F22000C2F2E3
:104CC8002002222103F0A8FEF0B503AF4DF8048DB1
:104CD80084B0044640F69C70C2F2200002A90390FA
:104CE80004F52570029020460122FFF7B5F8054625
:104CF8000021D4F88802029102A9FEF768FC94F812
:104D0800E01294F88E22022A1DD1002940F07C80FE
:104D18000646D4F8880202F0B1F9D4F8881291F85E
:104D28003400012829D10868002840F0F9804A6831
:104D38004FF0FF300860D2F84801C00130464BD42C
:104D480000220A605DE000293FD0D4F8880290F87C
:104D58003410012923D10168002940F0E18041681D
:104D68004FF0FF320260D1F8842022F00042C1F8EF
:104D7800842001680131016027E0EFF3108272B6E8
:104D88000868002840F0CC804B684FF0FF3008607E
:104D9800D3F84801C001304628D400232EE0EFF3B1
:104DA800108172B60268002A40F0BA8042684FF05B
:104DB800FF330360D2F8843023F00043C2F8843014
:104DC80002680132026081F31088002084F8E00252
:104DD80004B05DF8048BF0BDD2F8843043F0004392
:104DE800C2F884300A6801320A600AE0D3F88460A5
:104DF80046F00046C3F884600B6801330B6082F309
:104E08001088012184F8E012D4F8C0120968BFF3B1
:104E18005F8F002979D00543002094F8C62201232A
:104E2800009002A8012602F0A5FA002DD0D0D4F8EF
:104E3800DC02BFF35F8F00F58265D5E84F1FC5E838
:104E4800426F002AF9D10029BFF35F8FC0D1D0F893
:104E58000014BFF35F8FD0F80824BFF35F8FD0F83A
:104E6800043400F20446BFF35F8F934205D19942A0
:104E78003EBFBFF35F8F00233360994228BF0A46C5
:104E88009A423AD0D4F8CC120968BFF35F8FE1B3E5
:104E9800A2EB030894F8D222034402A84446B8F5CA
:104EA800007F28BF4FF40074009402F093FA9DF835
:104EB800080001280ED12878BFF35F8F00283FF43F
:104EC80087AFBFF35F8F56E8000F46E8000100295F
:104ED800F9D112E003982978BFF35F8F00293FF4D6
:104EE80077AF404538BF8046BFF35F8F56E8000F65
:104EF800404446E800010029F8D10020BFF35F8F45
:104F0800287004B05DF8048BF0BD40F6E46040F60C
:104F18000872C2F22000C2F22002222103F07CFDB6
:104F280040F6A860C2F2200003F003FDB0B502AF5E
:104F38000C46014648F2EC70D4E90132C2F2000096
:104F480000F1100C4FF0010EDCE84F5FCDB9CCE852
:104F580045EF002DF8D10025BFF35F8FC0E902515E
:104F680041F22401C2F22001C0E9003203F0B5F990
:104F7800002801BF216848F61402C2F2000211603D
:104F8800B0BD40F6D87041F21402C2F22000C2F25D
:104F980020027921BFF32F8F03F044FDF0B503AF52
:104FA8002DE9000F8BB0804648F61400D1F8209008
:104FB800C2F20000006881451FD8D8F804008A466C
:104FC800F8B1D8F8001000EB4000DAE909B50C1D7B
:104FD800860002E00C340C3E0FD02068A842F9D1BC
:104FE80054F8040C59462A4604F023F90028F1D154
:104FF8006068411C18BF814505D90BB0BDE8000F9A
:10500800F0BDDAE909B50AF12C00049041F6F9502F
:1050180041F23C01C0F2000040F29D220A9004A82F
:10502800099041F60760C0F2000005AB089002A89D
:10503800079046F2F500C0F20000C2F22001069087
:1050480001A80590C2F22002684603958DE8000B7E
:1050580003F0E9FB0BB0BDE8000FF0BD80B56F466B
:1050680080BDF0B503AF2DE9000B48F61402D1F866
:105078000080C2F200021268904503D90020BDE802
:10508800000BF0BD42681AB30068D1E90194061D0F
:1050980002EB4200850002E00C360C3DEED0306891
:1050A800A042F9D156F8040C4946224604F0C1F84A
:1050B8000028F1D170680021804500F10100B0FAA4
:1050C80080F098BF012140090843BDE8000BF0BDFE
:1050D8000120BDE8000BF0BD80B56F460246C068F0
:1050E8005FFA81FC20B1117A614504BF116980BD66
:1050F800107DD2E90631C0B26045184618BF0020BD
:10510800002B08BF184680BD80B56F460021A0F867
:1051180046108171082181804FF41651016080BDCD
:10512800F0B503AF4DF8048D15460E46046803F03C
:105138000DF88046A068B8B94FF0FF3004F10C02B2
:10514800A06030462946FEF758F90546A0680130A8
:10515800A060404603F000F8E843C0B2002818BF3A
:1051680001205DF8048BF0BD40F62C70C2F22000DF
:1051780003F0DFFB80B56F4680BD80B56F46002029
:1051880080BD80B56F46002080BD80B56F46FF208A
:1051980080BD80B56F4680BDF0B503AF4DF804BD46
:1051A80082B000228029019203D28DF804100124D4
:1051B80030E04FF6FE760B46C0F2FF368A0966F3FA
:1051C8009F13B1F5006F07D242F0C0018DF805308A
:1051D8008DF8041002241DE066F39F120D0B0024C5
:1051E800B4EB114F07D145F0E0018DF806308DF88A
:1051F800052003240CE06FF00F0444EA91410424D5
:1052080066F39F158DF807308DF806208DF8055048
:105218008DF80410066802F099FF0546B068C0B919
:105228004FF0FF3006F10C02B06001A82146FEF7EE
:10523800E4F80446B0680130B060284602F08CFFFC
:10524800E043C0B2002818BF012002B05DF804BBDB
:10525800F0BD40F62C70C2F2200003F06AFB80B566
:105268006F4613460A4641F23C01C2F22001BDE8EE
:10527800804003F0D8BAF0B503AF2DE9000B84B035
:10528800044600688846416D21F0030141651046D7
:1052980040F2E24102F091FDD8F800504FF400507E
:1052A8004FF4805140224FF4803300E069612E6949
:1052B800B6040ED52E69F604F8D52E69B6F1FF3F6F
:1052C800F5DC2E69F60306D42E69760605D46A61E4
:1052D800EDE76861EBE7AB61E9E740F66416214664
:1052E800C2F220060022304602F0D0FCB01C214653
:1052F800002202F0CBFC301D2146002202F0C6FC41
:10530800B01D2146002202F0C1FC06F1080021462A
:10531800002202F0BBFC06F10A002146002202F03E
:10532800B5FC06F10C002146002202F0AFFC06F1A4
:105338000E002146002202F0A9FC06F110002146C9
:10534800002202F0A3FC06F112002146002202F01E
:105358009DFC06F114002146002202F097FC06F19C
:1053680016002146002202F091FC06F118002146A1
:10537800002202F08BFC06F11A002146002202F0FE
:1053880085FC06F11C002146002202F07FFC06F194
:105398001E002146002202F079FC2068416989013B
:1053A8000FD5416921F000714161816C41B1816C77
:1053B80000291CBF816C002902D0816C0029F4D11E
:1053C80020684169012221F06051416120688169AA
:1053D80062F30D318161816C41B1816C00291CBF80
:1053E800816C002902D0816C0029F4D120684169C0
:1053F80041F000714161816C41B1816C00291CBF91
:10540800816C002902D0816C0029F4D14FF48050BE
:105418002860642028604FF40050686028680028DD
:1054280009D4286800285CBF2868002803D42868A5
:10543800B0F1FF3FF2DC20680122016962F302014A
:105448000161816C41B1816C00291CBF816C00290C
:1054580002D0816C0029F4D12068416921F4E0511F
:105468004161816C41B1816C00291CBF816C0029AC
:1054780002D0816C0029F4D12068816941F440216F
:1054880081612068416921F000714161816C41B1FD
:10549800816C00291CBF816C002902D0816C002915
:1054A800F4D1206841F25406C2F220060022416974
:1054B80041F4407141613046214602F0E7FBB01CDF
:1054C8002146002202F0E2FB301D2146002202F0B4
:1054D800DDFBB01D2146002202F0D8FB2068022522
:1054E80041F25C060022C2F22006816B65F3D841C6
:1054F80081632068816B41F48021816330462146B5
:1055080002F0C4FBB01C2146002202F0BFFB301D94
:105518002146002202F0BAFBB01D2146002202F00B
:10552800B5FB206841F264064FF00309C2F2200679
:105538000022816965F3051181612068816969F339
:105548009C6181613046214602F0A0FBB01C2146D7
:10555800002202F09BFB301D2146002202F096FB40
:10556800B01D2146002202F091FB06F108002146F9
:10557800002202F08BFB2068172240F6AE56C2F2DA
:105588002006C16962F30501C16120680022C16972
:1055980041F04001C1613046214602F077FBB01C62
:1055A8002146002202F072FB301D2146002202F043
:1055B8006DFBB01D2146002202F068FB06F10800D1
:1055C8002146002202F062FB06F10A002146002271
:1055D80002F05CFB06F10C002146002202F056FBAB
:1055E80006F10E002146002202F050FB2068012639
:1055F80040F62C1242F21073416A41F040014162B8
:105608002068416A65F30501416240461C21009605
:1056180002F002FC40F60510214627F81E0CA7F1FF
:105628001E00002202F032FB20680E22C16965F3D9
:105638008B21C1612068816A69F3881181622068C1
:10564800816A62F3050181624FF483702146ADF8E7
:105658000C0003A8002202F019FB20680022C1698F
:1056680021F48031C1612068416A66F3CD2141622D
:1056780040F20710214627F81A0CA7F11A0002F089
:1056880005FB20684FF6FF42C1F6FF7241F26E0536
:10569800C2F2200581691140032241F0004141F422
:1056A800407181612846214602F0F0FAA81C214683
:1056B800032202F0EBFA281D2146032202F0E6FA43
:1056C800A81D2146032202F0E1FA05F1080021464F
:1056D800032202F0DBFA05F10A002146032202F058
:1056E800D5FA05F10C002146032202F0CFFA05F1A4
:1056F8000E002146032202F0C9FA05F110002146E6
:10570800032202F0C3FA05F112002146032202F037
:10571800BDFA05F114002146032202F0B7FA05F19B
:1057280016002146032202F0B1FA05F118002146BD
:10573800032202F0ABFA05F11A002146032202F017
:10574800A5FA05F11C002146032202F09FFA05F193
:105758001E002146032202F099FA05F12000214695
:10576800032202F093FA05F122002146032202F0F7
:105778008DFA05F124002146032202F087FA05F18B
:1057880026002146032202F081FA05F1280021466D
:10579800032202F07BFA05F12A002146032202F0D7
:1057A80075FA05F12C002146032202F06FFA05F183
:1057B8002E002146032202F069FA05F13000214645
:1057C800032202F063FA05F132002146032202F0B7
:1057D8005DFA05F134002146032202F057FA05F17B
:1057E80036002146032202F051FA05F1380021461D
:1057F800032202F04BFA05F13A002146032202F097
:1058080045FA05F13C002146032202F03FFA05F172
:105818003E002146032202F039FA05F140002146F4
:10582800032202F033FA05F142002146032202F076
:105838002DFA05F144002146032202F027FA05F16A
:1058480046002146032202F021FA05F148002146CC
:10585800032202F01BFA05F14A002146032202F056
:1058680015FA05F14C002146032202F00FFA05F162
:105878004E002146032202F009FA05F150002146A4
:10588800032202F003FA05F152002146032202F036
:10589800FDF904B0BDE8000BF0BDD0B502AF82B091
:1058A800044602F078FAC0B2022801BF48F2481054
:1058B800C4F21F000168052201BF62F30301016001
:1058C8002068416801BF41F008014160032102B02E
:1058D80008BFD0BD41F2E80041F2C403C2F2200083
:1058E800A7F10902009041F2D400C2F22000C2F2EE
:1058F8002003122103F05EF8F0B503AF2DE9000F85
:1059080081B048F600014FF0010CC2F20001BFF36C
:105918005F8FD1E84F2FC1E843CF002BF9D1BFF3F8
:105928005F8F002A01BF48F20001C4F20D01002276
:10593800C4F22F0201BF02F5542C02F5502E02F5D5
:105948004C28A1F5004401BFA1F5003501F5F61674
:1059580001F5F413C0E9683601BFC0E96A54C0E92B
:105968006C8EC0E96EC101F5005C01BF01F5805E77
:105978000425C4F22E0501F5021401BF05F5FE73D6
:1059880001F50046C0E96064C0E9623101BF00F575
:10599800C87383E83040C0F89CC1A1F5404C01BFF2
:1059A80001F5881E01F5861801F5841401F58213A6
:1059B80001BF01F5003602F51025C0E9585600F57B
:1059C800B47501BF85E81A41C0F87CC1A1F5804CC7
:1059D80002F51C2E01BF02F5182802F51424A1F5C2
:1059E800E03301F5282601BF01F5EE15C0E9505650
:1059F80000F5A47585E8184101BFC0E9562C02F5E9
:105A0800782802F5742902F5702401BF02F56C2389
:105A18004CF2000EC4F2070E0EF5004601BF01F568
:105A2800E03C01F58E15C0E9485CC0E94A6101BF58
:105A380000F5987585E81802C0F83C8101F54828FA
:105A480001BF01F5442901F5402A01F53C2B01F578
:105A5800382301BF01F5342401F5302501F52C2642
:105A6800C0E9406501BFC0E94243C0E944BAC0E9A2
:105A7800469802F5302801BF02F52C2902F5282A9C
:105A880002F5242B02F5861301BF02F5841402F5F2
:105A9800821502F58016C0E9386501BFC0E93A43AE
:105AA800C0E93CBAC0E93E9801F5F01801BF01F51C
:105AB8009219A1F5503AA1F5403BA1F5303301BF49
:105AC80001F5901401F58C1501F58A16C0E93065C9
:105AD80001BFC0E93243C0E934BAC0E9369844F29C
:105AE800000301BFC4F2002303F5004803F5804911
:105AF8004FF0844A01BF01F56C2B01F5682501F5CB
:105B08006426A1F5C03401BFC0E92846C0E92A5B74
:105B1800C0E92CA3C0E92E9801BF01F5602801F562
:105B2800E61901F5E81AA1F5203401BF03F5E033C1
:105B380001F5582501F55426C0E9206501BF00F19B
:105B4800880585E81804C0E9259CC0F89C8001BF39
:105B5800A1F5103C01F5FE1801F5001902F5642ABB
:105B680001BF02F5602302F55C2602F5582501F510
:105B7800A03401BF00F1600B8BE87000C0E91B3A4C
:105B8800C0E91D9801BFC0F87CC001F5803C02F552
:105B980040480EF5804901BF01F5804A01F5F2132E
:105BA80044F20806C4F2090601BF06F1100506F121
:105BB8000804C0E91064C0E9125301BFC0E914A980
:105BC800C0E9168C0EF5C03C01F5103801BF01F58F
:105BD800801901F57C2401F5782302F57C2601BFA4
:105BE80002F54825C0E9085600F1280585E818029D
:105BF80001BFC0E90D81C0F83CC002F5442C02F594
:105C08000C2601BF01F5D21501F5242402F5402226
:105C1800A1F5803301BFA1F5A031C0E90013C0E9A7
:105C2800022E103001BF80E8701001B0BDE8000FEF
:105C3800F0BD41F2F80041F23012C2F22000C2F287
:105C48002002352102F0E8FE80B56F46084641F291
:105C58004011C2F220011822BDE8804002F0DBBDED
:105C6800B0B502AFC26AC168012903D1D0E90413F3
:105C7800994250D10168012941D1D0E901139942D3
:105C88003DD200F1180C4FF0020E012403E0D0E9D8
:105C98000113994233D24B1C436041F08003C9B2CF
:105CA800C0F814E041EA032101830021C46003E045
:105CB800D0E904139942EAD01CF80130013101619E
:105CC8005568590041EAD311CBB29D42F0D9956984
:105CD80001F00F012D68BFF35F8FADB225FA01F116
:105CE800C907E5D05169994269D9116903EB830362
:105CF80001EB8303197C4906DAD01846B0BDC169A7
:105D08000023C360012903D1D0E90815A9422BD18A
:105D1800C3611846B0BD00F1180C03E0D0E90413C4
:105D28009942A7D01CF8013001310161546859002B
:105D380041EAD311CBB29C42F0D9946901F00F012A
:105D48002468BFF35F8FA4B224FA01F1C907E5D034
:105D58005169994233D9116903EB830301EB83033A
:105D6800197C4906DAD0C8E700F1280E03E0D0E92B
:105D78000815A942CCD01EF80150013101625468BF
:105D8800690041EAD5115FFA81FC6445EFD994694D
:105D980001F00F012468BFF35F8FA4B224FA01F168
:105DA800C907E4D05169614510D911690CEB8C051C
:105DB80001EB85010D7C6D06D9D00846B0BD41F2D6
:105DC80078121846C2F2200202F012FE41F278124E
:105DD8006046C2F2200202F00BFE80B56F466FF0FB
:105DE8007F42D0E90003914238BF0A46002918BF14
:105DF800511E1B688022002818BF8822995080BD38
:105E080080B56F4682B0D0F80CE00123D0F800C00E
:105E1800CEF80030DEF80430CEF81C2062F31E43C2
:105E2800CEF804300AB3CEF808C040F6FF73DEF8A7
:105E380008209A4302F58052CEF80C20DEF80C2098
:105E48006FF30B0202F58052CEF81020DEF8102016
:105E58006FF30B0202F58052CEF81420DEF81420FE
:105E68006FF30B0202F5805208E00022CEF80820FA
:105E7800CEF80C20CEF81020CEF81420CEF818203A
:105E88008023DEF804204EF6707CCEF2000C42F43B
:105E98000042CEF80420DEF8042063F30702CEF8AF
:105EA80004206A46CDF800E022F01C02BFF34F8FB1
:105EB800CCF80020BFF34F8FBFF36F8F8268C2F812
:105EC80008E0D36823F0FF03D360019201AA22F00F
:105ED8001C02BFF34F8FCCF800202032CCF80020F2
:105EE800BFF34F8FBFF36F8F90F9102008684FF4FE
:105EF8007F03B2F1FF3F4FF4803102F01F02C8BFA9
:105F0800FF23C8BF012191401940C0F8B011D0F853
:105F1800B01159B1D0F8B01100291CBFD0F8B01198
:105F2800002903D0D0F8B0110029F0D102B080BD0B
:105F3800F0B503AF2DE9000B0346D0E901C0DC68DA
:105F48000068D4F804E0C0F30A40E469824238BF2C
:105F58001046CEF30E42A21A824238BF104684453C
:105F680038BF604660B1D3F8009000F0030C0428F5
:105F780009D2002399F80020BCF1010FCA5425D199
:105F8800BDE8000BF0BD40F2FC7300EA030E01F11E
:105F98000108002309EB030619F8035008EB030274
:105FA800747808F8034004339E45B47802F8015C1D
:105FB8005470F4789470EDD1BCF1000FE0D099449E
:105FC80099F80020BCF1010FCA54D9D0194499F8A6
:105FD8000120BCF1020F4A701CBF99F802208A7098
:105FE800BDE8000BF0BDF0B503AF2DE9000784460E
:105FF8004668C8B24D0045EAD015E8B2864217D9BE
:10600800DCF818A005F00F05D7E90298012404FA76
:1060180005FEBFF35F8F5AE8004F44EA0E054AE8D1
:106028000056002EF7D114EA0E0FBFF35F8F03D08E
:106038000020BDE80007F0BDDCF80CE0864545D936
:10604800DCF814E0864548D9DCF800601C46B3F556
:10605800806F06EB80152E6846F000562E602E687D
:1060680028BF4FF480646FF31A4646EA04462E6050
:106078002E685FFA89F4032CDCF808E026F4004A5D
:10608800DCF810C04EB2544608BF04F50044B6F11F
:10609800FF3FD8BF54462C60440101264EF80460E7
:1060A8000EEB401600EB8000746824F0FF04746067
:1060B8004CF820200CEB80000174011D80F8128040
:1060C80080F8119068C1BDE80007F0BD41F2581290
:1060D8007146C2F2200202F08BFC41F2681271464E
:1060E800C2F2200202F084FCF0B503AF4DF804BD03
:1060F80082B004682168002940F0F980D0E9011EC7
:106108004FF0FF33D0E903C2204640F80C3B0B7830
:10611800DBB1497825694A0042EAD112D3B29D42DF
:1061280040F2C580656A02F00F022D68BFF35F8FE9
:10613800ADB225FA02F2D20700F0B980216A99427D
:1061480040F2E18001200521CAE01378266943F076
:1061580001014D0045EAD315EBB29E4240F2A780FB
:10616800666A05F00F053668BFF35F8FB6B226FA88
:1061780005F5ED0700F09B80216A994240F2C38043
:106188001378266943F002014D0045EAD315EBB2B6
:106198009E4240F28C80666A05F00F053668BFF3B0
:1061A8005F8FB6B226FA05F5ED0700F08080216A08
:1061B800994240F2A8801378266943F003014D0004
:1061C80045EAD315EBB29E4271D9666A05F00F0510
:1061D8003668BFF35F8FB6B226FA05F5ED0766D0CD
:1061E800216A994240F28F801378266943F00401AE
:1061F8004D0045EAD315EBB29E4258D9666A05F0C0
:106208000F053668BFF35F8FB6B226FA05F5ED07BE
:106218004DD0216A994276D91378266943F0050151
:106228004D0045EAD315EBB29E4240D9666A05F0A7
:106238000F053668BFF35F8FB6B226FA05F5ED078E
:1062480035D0216A99425ED91378266943F0060150
:106258004D0045EAD315EBB29E4228D9666A05F08F
:106268000F053668BFF35F8FB6B226FA05F5ED075E
:106278001DD0216A994246D91278256942F0070152
:106288004B0043EAD212D3B29D4210D9656A02F09C
:106298000F022D68BFF35F8FADB225FA02F2D20765
:1062A80005D0216A99422ED90120032118E0E26A1B
:1062B800BEF80030934203D8D21AA66AB24202D27C
:1062C800012004210CE0E2629CF801509CF8006077
:1062D800CDE900650D46FFF786FE70B1002029461E
:1062E80022680132226002B05DF804BBF0BD41F2C1
:1062F8009810C2F2200002F01CFB41F2C810C2F252
:10630800200002F04DFB41F288121846C2F220022A
:1063180002F06EFBF0B503AF2DE9000F83B0D1F8A2
:1063280000B0DBF80020002A40F0BE81D1E9013E30
:10633800CA684FF0FF31CBF800101B78DBF810402B
:10634800590041EAD311CDB2AC4233D9DBF824402D
:1063580001F00F01266801248C40BFF35F8F34429F
:1063680028D0DBF82010A94240F2AA810BF10401E1
:106378005B062CD0DBF81030AB4240F29B81DBF897
:1063880024301B68BFF35F8F1C4200F09381DBF859
:106398002040AC4240F29B81DBF81C3005EB8506BF
:1063A80003EB8609D9F80C305B6813F0680F20D02E
:1063B800072100E0052141700121DBF80020017070
:1063C800501CCBF8000003B0BDE8000FF0BDDBF8AF
:1063D8001030002B1FBFDBF824301B68BFF35F8F22
:1063E8005FEAC37319D141F2B810C2F2200002F07B
:1063F800D7FAD1F800C099F81060DCF8B83106F087
:106408001F0574B20126002C48BF1B0CAE40334058
:106418001B0600F0A9800021CDE7DBF82030002B17
:1064280000F05D81DBF804500124DBF81C90082A99
:10643800D5F8AC8199F8103003F01F0C04FA0CF46D
:1064480055D314EA080652D0D9F80830C5F8AC413B
:10645800D5F8402142F40052C5F84021D3E90A2476
:10646800D5F84061B60425D4D5F8402142F400524D
:10647800C5F84021D3E90A24D5F84061B6045FBFC6
:10648800D5F8402142F40052C5F84021D3E90A2446
:106498005CBFD5F840615FEA86460BD4D5F8402149
:1064A80042F40052C5F84021D3E90A24D5F84061E6
:1064B800B604CDD5D5F8403123F40053C5F84031A2
:1064C800CEF804400124CEF8002099F810300A686C
:1064D8005DB203F01F03D2F8B861002D48BF360C37
:1064E8009C402640360600F089800825D9E0D9F876
:1064F8000C60766816F0680F7FF45AAFD5F8B8616B
:106508005BB2002B48BF360C344024067FF483AFBF
:10651800B3F1FF3F4FF48033C8BF01234FF47F0628
:1065280003FA0CF3C8BFFF263340C5F8BC3199F90C
:10653800103080464FF480304FF47F04B3F1FF3FB2
:1065480003F01F030E68C4BFFF24012098402040B9
:106558000C46C6F8780148467146FFF7E9FCD9F8B9
:1065680008C02146054694E0BBF8303004F00F0619
:10657800F340DB073FF44FAFB4F1FF3F4FF48034F3
:106588004FF47F03C8BF0124C8BFFF23AC4023409A
:10659800CCF8BC3199F910304FF480380D684FF4BD
:1065A8007F06B3F1FF3F03F01F03C4BFFF264FF080
:1065B800010808FA03F33340C5F87831D9F80C40DC
:1065C800D9E9013CDCF800506668E469C5F30A457E
:1065D800AA4238BF1546C6F30E42A21AAA4238BFCD
:1065E8001546AB4238BF1D46E5B1D9F800A005F005
:1065F8000306042D029517D2002536E080464FF495
:106608008030B5F1FF3FC8BF01204FF47F0600FA84
:1066180003F0C8BFFF263040C2F878010825D9F832
:1066280008C036E0804634E0CDE9006940F2FC73EA
:1066380005EA03080EF1010900250AEB05031AF81B
:10664800056009EB050293F801C009F805C0043597
:10665800A8459C7802F8016C5470DB789370ECD1F3
:10666800009EDDF8049086B1AA449AF80020012E15
:106678000EF8052009D00EEB05039AF80120022E2A
:106688005A701CBF9AF802209A708046D9F808C040
:10669800029DDCF80000C0F30A424846FFF7B0FB51
:1066A80040460021456088E641F29810C2F2200079
:1066B80002F03FF941F20820C2F2200002F070F91E
:1066C80041F288122846C2F2200202F091F941F202
:1066D80078122846C2F22002214602F089F941F2D6
:1066E80078120020C2F22002002102F081F9F0B5F0
:1066F80003AF2DE9000F83B00E683268002A40F01E
:10670800F781D1E9012ED1F80CA04FF0FF313160AB
:1067180015783269690041EAD511CBB29A4268D935
:10672800726A01F00F01146801228A40BFF35F8F7B
:1067380022425ED0316A994240F2E68106F1040CA9
:10674800690658D03169994240F2D881716A09685E
:10675800BFF35F8F0A4200F0D181316A994240F25B
:10676800E081F16903EB830201EB8209D9F80C207F
:10677800526812F0680F53D199F810300121DCF8F3
:1067880000205DB203F01F03D2F8B841002D01FAD2
:1067980003F148BF240C2140090655D102904FF45B
:1067A8008030B5F1FF3FC8BF01204FF47F0100FAE8
:1067B80003F0C8BFFF210840C2F87801D9E90101F8
:1067C80009684FEA114B6FF3DF2BDA4538BFD34620
:1067D800584538BF8346BBF1000F00F0CC80D9F88C
:1067E80000000BF0030CBBF1040F64D20024024636
:1067F8007CE0052129E031690229C0F08C81716AA9
:106808000968BFF35F8F890740F18581316A0129E3
:1068180040F28E81F1690A6A526812F0680F01D05D
:10682800072112E091F824300122DCF800805DB2E3
:1068380003F01F03D8F8B841002D02FA03F248BF4D
:10684800240C224012060AD000214170012132682E
:106858000170501C306003B0BDE8000FF0BD4FF46C
:106868008032B5F1FF3FC8BF01224FF47F0402FA1E
:1068780003F2C8BFFF242240C8F8782101F11409A7
:10688800D1E9061212684FEA124B6FF3DF2BDA4593
:1068980038BFD346594538BF8B46BBF1000F00F0CF
:1068A800CF80D9F800300BF00304BBF1040F69D294
:1068B80000211A4687E00EF1010A2BF00303002499
:1068C8000AEB04051AF8041015F8012C95F8018054
:1068D800AD780255021904345170A34282F802803F
:1068E800D570EDD1BCF1000F0FD002191EF80410BD
:1068F800BCF1010F117008D00EEB0403BCF1020FBC
:10690800597851701CBF99789170ABF1010101223F
:1069180020F01F034EF6707002EB5114CEF2000007
:1069280004F00302BFF34F8FBBF1610F02D206F1EF
:10693800040C11E024F0030406F1040C03F1200117
:106948000360016003F14001016003F160018033DD
:10695800043C0160F2D152B1012A036007D003F16F
:1069680020010160022A1CBF03F140010160BFF34E
:106978004F8FBFF36F8F484661465A46FFF740FA7C
:106988000298B1E0CDE901490EF1010A2BF00309A3
:1069980000210AEB01021AF801505C1812F801CC28
:1069A80092F80180927803F801C004318945657036
:1069B80084F80280E270ECD1019C06F1040CDDF849
:1069C800089064B15A181EF80150012C157006D0B1
:1069D8007144022C4D7855701CBF89789170ABF1C9
:1069E8000101012223F01F0302EB51114EF67072D0
:1069F80001F00304CEF20002BFF34F8FBBF1610F29
:106A08000FD321F0030103F120051360156003F192
:106A18004005156003F16005803304391560F2D133
:106A280054B1012C136007D003F120011160022C2E
:106A38001CBF03F140011160BFF34F8FBFF36F8F8D
:106A48008046484661465A46E146FFF7D9F930691B
:106A580000281FBF706A0068BFF35F8F5FEAC070CD
:106A680005D141F2E810C2F2200001F099FF306A26
:106A7800002864D0D6F81CC0012172689CF8103038
:106A8800D2F8B8515CB203F01F03002C48BF2D0C9C
:106A980099402940090626D14FF48031B4F1FF3FCF
:106AA800C8BF01214FF47F0401FA03F1C8BFFF24D6
:106AB8002140C2F8BC119CF910304FF480304FF4DB
:106AC8007F05D9F80020B3F1FF3F03F01F03C4BFCF
:106AD800FF250120494698402840C2F878016046C1
:106AE8000022FFF78DF94046C0F804B00021AEE659
:106AF80041F29810C2F2200001F01BFF41F2282059
:106B0800C2F2200001F04CFF41F288121846C2F28E
:106B1800200201F06DFF41F2D810C2F2200001F00E
:106B28003FFF41F278121846C2F2200201F060FFDE
:106B380041F278120120C2F2200201F059FF41F21D
:106B480078120020C2F22002002101F051FFF0B5B6
:106B580003AF2DE9000790B080460068002840F098
:106B680095804FF0FF30C14649F80C0B00200821F2
:106B78000B90CDE9050108F1040A07900121029064
:106B88000090684600F1400500F11006CDF83C90F1
:106B9800049102E00498022836D030462946FFF7CF
:106BA8005FF888B3027C12F07F03F3D0591E072BDD
:106BB80072D8407C0124DAF80030022888BF441CCF
:106BC80003EB810051B2B1F1FF3F6FF44C01D0F8F3
:106BD800C421C8BF6FF0CC014FF0120301EA0201D3
:106BE800E2B2C8BF022302FA03F24FF44023C8BF3F
:106BF8000C2302EA03024FF44003C8BFC0231A441F
:106C08001143C0F8C411C5E700200821CDE90501EA
:106C18000121CDF83C900B900790049102900090D0
:106C28000DE051B2B1F1FF3F06DD81680968C1F39B
:106C38000A425146FFF7E4F8049802281DD030466E
:106C48002946FFF70DF8C0B1027C12F07F03E8D0A7
:106C5800591E082B20D2DAF8003003EB810153B219
:106C6800B3F1FF3F4FF40002D1F8C411C8BF80222E
:106C7800002BE1D41140D8D1DEE7D8F8000001306C
:106C8800C8F8000010B0BDE80007F0BD41F2981048
:106C9800C2F2200001F04DFE41F238220846C2F24D
:106CA8002002072101F0A4FEB0B502AF04682168F4
:106CB800002940F08880D0E901014FF0FF322260BE
:106CC80025690378580040EAD312D0B285426CD9BE
:106CD80091F800C002F00F02616A012505FA02F27C
:106CE8000968BFF35F8F0A425FD0216A814276D973
:106CF800216981426DD9616A0968BFF35F8F0A42D1
:106D080067D0216A814270D9E26900EB800061682E
:106D180002EB8000027C12F07F0508D0A5F1010E7D
:106D2800082D68D201EB8E0101F5E27101E001F551
:106D3800E0714FFA83FE52B20B68B2F1FF3FDABF3F
:106D480023F480336CF310436CF30003BEF1000F9F
:106D58000B602AD45FEACC7127D1211D027C0B6815
:106D680012F07F0512D0A5F1010C082D4BD203EBD0
:106D78008C0E4FFA82FC4FF40005BCF1FF3FDEF8A1
:106D8800C4E1C8BF80251EEA050F0ED055B202F037
:106D98001F02002D4FF00105D3F8B83105FA02F2B1
:106DA80048BF1B0C1A40120603D02068013020602F
:106DB800B0BD82681268C2F30A42FFF721F8206862
:106DC80001302060B0BD41F29810C2F2200001F0FD
:106DD800B0FD41F21820C2F2200001F0E1FD41F2BD
:106DE8008812C2F2200201F003FE41F27812C2F2C8
:106DF800200201F0FDFD41F238227046C2F2200265
:106E0800072101F0F5FD41F238226046C2F2200266
:106E1800072101F0EDFDF0B503AF4DF804BD90B0CA
:106E280004460068002874D160684FF0FF31216083
:106E3800D0F8B811C0F8B811D0F8BC11C0F8BC111E
:106E4800D0F87811C0F878110021C0F87C11D0F87A
:106E5800B01159B1D0F8B01100291CBFD0F8B01149
:106E6800002903D0D0F8B0110029F0D14FF0FF313C
:106E7800C0F8B411D0F8B41159B1D0F8B411002940
:106E88001CBFD0F8B411002903D0D0F8B4110029E0
:106E9800F0D104F10C000F9000200821CDE9050184
:106EA80001210B90079002900090684600F1400580
:106EB80000F11006049102E00498022822D030461E
:106EC8002946FEF7CDFEE8B1017C11F07F02F3D030
:106ED800501E072A23D8626849B2B1F1FF3F6FF408
:106EE8000C0102EB8000D0F8C421C8BF6FF08C0100
:106EF80001EA02014FF40022C8BF08221143C0F87A
:106F0800C411D9E720680130206010B05DF804BBD7
:106F1800F0BD41F29810C2F2200001F00AFD41F2E2
:106F280038220721C2F2200201F062FD80B56F46C7
:106F380090F83420012A29D10268002A54D1CBB212
:106F4800490041EAD3114FF0FF3202600269CBB227
:106F58009A4217D9426A01F00F011268BFF35F8F96
:106F680092B222FA01F1C9070CD0016A994241D9BB
:106F7800C16903EB830201EB820189680A6822F088
:106F880000520A6001680131016080BDEFF3108C86
:106F980072B6036843BB4FF0FF3302690360CBB29C
:106FA800490041EAD311CBB29A4217D9426A01F09B
:106FB8000F011268BFF35F8F92B222FA01F1C9077D
:106FC8000CD0016A994215D9C16903EB830201EB20
:106FD800820189680A6822F000520A60016801315A
:106FE80001608CF3108880BD41F29810C2F2200035
:106FF80001F09FFC41F278121846C2F2200201F01B
:10700800F7FC80B56F4690F83420012A17D1026842
:10701800002A01BF42684FF0FF330360D2F84831BD
:1070280001BF23F0410361F3000361F38613C2F843
:10703800483101BF01680131016080BD18E0EFF3FC
:10704800108C72B603689BB943684FF0FF32026038
:10705800D3F8482122F0410261F3000261F386125D
:10706800C3F848210168013101608CF3108880BDA4
:1070780041F29810C2F2200001F05BFC90F8341045
:10708800012908BFFFF763BDD0B502AFEFF3108445
:1070980072B6FFF75CFD84F31088D0BD80B56F46EB
:1070A80090F83420012A2FD102686FF000439A42E9
:1070B80079D2CBB2490041EAD311013202600269A8
:1070C800CBB29A4275D9426A01F00F011268BFF338
:1070D8005F8F92B222FA01F1C9076AD0016A994218
:1070E8006DD9C26903EB8303416802EB8302127C0A
:1070F80012F07F033BD0A3F1010C072B66D801EBFC
:107108008C0101F5E27134E0EFF3108C72B602687D
:107118006FF000439A4246D2CBB2490041EAD311FC
:10712800013202600269CBB29A4242D9426A01F046
:107138000F011268BFF35F8F92B222FA01F1C907FB
:1071480037D0016A99423AD9C16903EB830342688F
:1071580001EB83010B7C13F07F0115D0A1F1010E27
:1071680007293BD802EB8E0101F5E2710EE001F52B
:10717800E07109680368013B036050B2002848BF0A
:10718800090C01F0010080BD02F5E0710968026890
:10719800013A026058B28CF31088002848BF090CE5
:1071A80001F0010080BD41F2A810C2F2200001F0F8
:1071B800D2FB41F2F810C2F2200001F0F1FB41F2DB
:1071C80088121846C2F2200201F012FC41F238225D
:1071D8006046C2F22002072101F00AFC41F238227F
:1071E8007046C2F22002072101F002FCD0B502AFBE
:1071F80084B007F8161CA7F1150107F8152CA7F19C
:107208001602039190F83410CDE90102012904D146
:1072180001A8FFF749FD04B0D0BD01A8EFF3108421
:1072280072B6FFF741FD84F3108804B0D0BD80B575
:107238006F4690F83420012A12D10268002A01BF53
:1072480042684FF0FF330360490601BF01F18071C6
:10725800C2F854110168013104BF016080BD13E018
:10726800EFF3108C72B6036873B9436849064FF0A0
:10727800FF3201F180710260C3F8541101680131D5
:1072880001608CF3108880BD41F29810C2F2200092
:1072980001F04FFBD0B502AF91F83420012A0FD18D
:1072A8000A68002A60D1D1F804C04FF0FF330B60A0
:1072B800DCF844315A0616D4DA071ED1002233E02E
:1072C800EFF3108C72B60A68002A4DD1D1F804E0A9
:1072D8004FF0FF320A60DEF84421530608D4D20783
:1072E80027D1002339E04022CCF8442101221BE0B9
:1072F80040220123CEF844212FE00122CCF844217A
:10730800DCF8BC21DCF8BC315FFA82FEC3F307432A
:10731800A1F830E01A04CCF8BC218380A0F802E080
:10732800DCF8AC21C28002220B680280581C08607D
:10733800D0BD0122CEF84421DEF8BC21DEF8BC31F4
:10734800D2B2C3F307430A861C04CEF8BC4183803B
:1073580002234280DEF8AC21C2800A680380501CF8
:1073680008608CF31088D0BD41F29810C2F220005A
:1073780001F0DFFAD0B502AF86B0D7F808C007F839
:10738800192C91F83420CDE9043CA7F11903012AFE
:10739800CDE9021304D102A9FEF7BCFF06B0D0BDA7
:1073A80002A9EFF3108472B6FEF7B4FF84F31088D5
:1073B80006B0D0BD90F83410012908BFFFF72BBDE7
:1073C800D0B502AFEFF3108472B6FFF724FD84F353
:1073D8001088D0BDD0B502AF86B0D7F808C007F87E
:1073E800192C91F83420CDE9043CA7F11903012A9E
:1073F800CDE9021304D102A9FFF779F906B0D0BD8F
:1074080002A9EFF3108472B6FFF771F984F31088BC
:1074180006B0D0BD80B56F4690F8341001290CD164
:107428000168002901BF4068D0F8401141F001010E
:10743800C0F8401108BF80BD0EE0EFF3108172B6AE
:1074480002684AB94068D0F8402142F00102C0F809
:10745800402181F3108880BD41F29810C2F22000CB
:1074680001F067FAD0B502AF88B007F8231CA7F17E
:107478002301079102A90691A7F11E01D7E902C4C9
:1074880007F8222CA7F12202059190F83410D7F8BA
:1074980010E0012907F8213C8DF809408DF808C053
:1074A80027F81EECCDE9030204D103A8FEF71CFE61
:1074B80008B0D0BD03A8EFF3108472B6FEF714FE2F
:1074C80084F3108808B0D0BDF0B503AF4DF804BD03
:1074D80091F8D131012591F8D06191F8D241002B72
:1074E80091F8D311D0E9052C0CF1020E01770CF1BB
:1074F8000401C0E900516FF07F0518BF6FF03F0528
:1075080096451CD80CF580731146934238BF19462E
:10751800734532D3A1EB0E01072910D345EA441174
:1075280004694FF0807344F80E3004EB0E03597170
:1075380000219E7119710CF10903934203D90220AD
:107548005DF804BBF0BD94451ED2092104F80C1067
:107558000CF1010191423FBF022262548361FF2076
:107568003CBF5DF804BBF0BD41F258230846C2F2A7
:10757800200311461A4601F03BFA41F2682370468F
:10758800C2F2200301F0D1FC41F248236046C2F266
:10759800200311461A4601F02BFAF0B503AF2DE986
:1075A800000B9446120601D0426909E00268D2B382
:1075B8004468426994425CD20669355D01353555A7
:1075C800D0F818E04FF00108D7E904460EF1040599
:1075D800002CC0E9028508BF26460EF10204944239
:1075E8001DD80EF580781546904538BF4546A0450C
:1075F80037D32D1B072D12D30569D7E902982955D2
:107608002919CB7000238B700EF1090393428E71F8
:1076180081F8058081F8049081F801C007D902201B
:10762800BDE8000BF0BD0720BDE8000BF0BD964596
:1076380028D2092105F80E100EF1010191423FBF31
:1076480004226A548361FF203CBFBDE8000BF0BDF3
:1076580041F258230846C2F2200311461A4601F0A7
:10766800C7F941F268232046C2F22003294601F0F7
:107678005CFC41F278232046C2F2200311461A46E8
:1076880001F0B6F941F248237046C2F220031146D0
:107698001A4601F0ADF94269032A81BF0169806980
:1076A8004880704780B56F4641F288230220C2F2B5
:1076B8002003042101F039FCF0B503AF2DE9000BDC
:1076C800067F012E39D19046D7E90446D0E9052C2A
:1076D8000CF1020E002C08BF264696451DD80CF565
:1076E80080751446954238BF2C46754529D3A4EBBE
:1076F8000E04062C11D30469D7E9029504F80E107C
:1077080004EB0E018B700CF1080393424E710D715E
:1077180081F8039081F8018003D90220BDE8000BAD
:10772800F0BD944515D2082104F80C100CF10101A4
:10773800914217D20B2283616254FF20BDE8000BEF
:10774800F0BD41F268237046C2F22003214601F0E1
:10775800ECFB41F248236046C2F2200311461A4668
:1077680001F046F941F258230846C2F220031146B7
:107778001A4601F03DF9F0B503AF2DE90007D0E94D
:1077880005850446A81C404517D805F5807C464663
:10779800C44538BF6646844529D3361AB3420CD847
:1077A800A24624698946114620441A461E4601F01D
:1077B800E2FDB01C2918414503D90220BDE80007A5
:1077C800F0BD45451BD26055681C40453FBF04F8D5
:1077D8000090CAF81810FF20BDE8000738BFF0BDB8
:1077E80041F258224146C2F2200201F001F941F269
:1077F80068233146C2F22003424601F096FB41F26B
:1078080048222846C2F22002414601F0F1F8F0B5BC
:1078180003AF2DE9000F89B08E68D1F8C0210D693A
:10782800002E0B6818BF0226002D18BF0125002B5B
:1078380018BF03239246002A12BF4FF0010A1346CD
:107848001646D0E9052E0EF10208904506D94FF0EC
:10785800020C604609B0BDE8000FF0BD0EF5807956
:107868009446914538BFCC46C1455ED3ACEB080978
:107878004FF0020CB9F1100FEBD391F8CF410894F7
:107888000AEA0504049491F8CE41059491F8CD4193
:10789800069491F8CC410794B1F8C6A1B1F8C49107
:1078A800B1F8CA41B1F8C811D0F810B00D0A039563
:1078B8004FEA1A250BF808400BEB080402954FEA2B
:1078C800192501950125A172029961720199A37385
:1078D800049BE17108992373039B61710599E37215
:1078E8000EF11203217193420699E1700799E5732D
:1078F800667384F808A084F80690A17084F801C023
:10790800A7D8964519D212210BF80E100EF10101D5
:1079180091421BD201224FF0FF0C0BF8012083612A
:10792800604609B0BDE8000FF0BD41F2682340464B
:10793800C2F22003614601F0F8FA41F2482370468A
:10794800C2F2200311461A4601F052F841F25823B8
:107958000846C2F2200311461A4601F049F8F0B56C
:1079680003AF2DE9000F83B096460646D0E90520FF
:10797800831C934204D9022003B0BDE8000FF0BD78
:10798800904280F08780356900232B54431C934232
:1079980080F0888002960326EE542B1801EB0E0B1C
:1079A80003F1020C019500254FF0000A4419BAF1C1
:1079B800000F04F1020E0BD10EE02CF805A00235E1
:1079C800CA4641464419BAF1000F04F1020E03D029
:1079D8004FF00009884642E0594550D0884618F9CA
:1079E800013BB3F1FF3F5FFA83FA36DC4E780AF0C9
:1079F8001F08BAF1E00F06F03F0620D38B78BAF1E2
:107A0800F00F03F03F0343EA86161DD3CB7803F04B
:107A18003F0343EA861308F0070601F1040843EA26
:107A280086490021B1EB194F16D009F57F0137239C
:107A380063F39F294FF4584343EA912A0FE046EA3B
:107A4800881A01F1020808E046EA083901F103083A
:107A58000021B1EB194FE8D1CA464FF0000996450D
:107A6800BFF489AF211D1EF1030F98BF9142A4D91D
:107A780041F2B8237046C2F2200301F056FA019A87
:107A8800A91C11540298C0F818E0FF2003B0BDE803
:107A9800000FF0BD41F298231146C2F220031A46A6
:107AA80000F0A6FF41F2A82C1846C2F2200C11469D
:107AB800624600F09DFFF0B503AF4DF804BD0568C0
:107AC800012D15D1D0E901067469A04246D2346966
:107AD800255C013525540224D6E905C01D18033557
:107AE800654598BFFC2B08D920465DF804BBF0BD5E
:107AF800072420465DF804BBF0BD604535D23569E2
:107B0800DC1C2C54441CD6F814C0644534D2D6F876
:107B180010C010250CF80450841CD6F814C0644515
:107B280032D2356903302955C418D6F814C00DD29D
:107B380064450BD83169084411461A4601F01BFC0C
:107B4800B461FF2420465DF804BBF0BD41F2083360
:107B58002146C2F22003624601F0E7F941F2C82249
:107B68002146C2F2200200F043FF41F2D8226146CA
:107B7800C2F2200200F03CFF41F2E822C2F22002E9
:107B88002046614600F034FF41F2F822C2F220029A
:107B98002046614600F02CFFB0B502AF8368012192
:107BA800D3E9052C0CF104040CF1020E9645C0E94A
:107BB800001416D80CF580741146944238BF21463B
:107BC800744532D3A1EB0E0103290AD31C690025A1
:107BD80004EB0E0124F80E508D700CF10501914252
:107BE80001D90220B0BD944526D2052504F80C50D1
:107BF8000CF1010C94453FBF0F2204F80C20996149
:107C080041F218323FBFC2F2200202210423BDE82C
:107C1800B04038BFFFF74FBF41F25823C2F22003EC
:107C2800114660461A4600F0E3FE41F268237046AA
:107C3800C2F2200301F079F941F24823C2F220038D
:107C4800114660461A4600F0D3FE8168002303609F
:107C58004A69032A81BF086989694180704780B5EC
:107C68006F4641F224330220C2F22003042101F0BE
:107C78005CF980B56F46FEE780B56F464FF47041FA
:107C8800A0F88C110F21A0F88E1180BD80B56F4629
:107C980003784078096801EB83014000C0B20323F0
:107CA800D1F868C0834002FA00F02CEA03031843B5
:107CB800886680BDF0B503AF2DE9000B44F2E043C0
:107CC800C4F21F031B68C3F30B2E4FEA135CE6458F
:107CD8001FBF0124C1F88841DBB24FF47A781FBF77
:107CE80003FB08F9ACEB0E04D1F8906149F658652E
:107CF8001FBFCFF6FF7513FB085393FBF4F3C2EADB
:107D080006021FBFC1F8902180E80A40C0F80C9015
:107D1800BDE8000B18BFF0BD41F23430C2F22000BC
:107D280001F048F9F0B503AF2DE9000FADF5057D79
:107D38000DF1040B80464FF40071584601F0BAFC6F
:107D480044F2B8290DF5017AC2F2000900244E4622
:107D58000025D9E96001CDE98301504682958196D5
:107D680000F008F981AB0C3601350FCB4BF8040055
:107D78000BEB040010340430B4F5007F0EC0E8D1DA
:107D880001A940464FF4007201F046FC0DF5057D4F
:107D9800BDE8000FF0BD80B56F46006800F010F92F
:107DA800C0071CBF084680BD41F24430C2F2200023
:107DB80000F0F6FD80B56F4680BD80B56F46B1F521
:107DC800487F98BF4FF4487140F22762914228BF1C
:107DD800114644F2AF73A1F5487100688AB25A435C
:107DE800C368A1EB124189B2490801EB124123F0A3
:107DF8001F0242EA1111C16004E00168B1F1FF3FBE
:107E0800D8BF80BD0168002905D4016800295CBF7E
:107E180001680029F1D580BDF0B503AF2DE9000751
:107E28008046A1F11B001C2880F088801D4616465C
:107E38009A4200F28E80002D00F0968043F200698D
:107E48008A46C0F26E192A46A6FB0901002301F0F2
:107E580089FC0AFB09004CF67F11CDF64111084454
:107E680043F27F61C2F2BE6188425CD8D7F808C08D
:107E78004FF48032D8F800004FF480534FF400518B
:107E880000E08167046FE40307D5046FA404F8D405
:107E9800046FE40403D44367F4E74267F2E79CFA0B
:107EA800ACF141F25442B1FA81F1C0F88060C0F8F7
:107EB8009050C2F2200252F8212041F24046C0F808
:107EC80070A0036FC2F2200656F8211023F4C013E5
:107ED8001A430267D0F8702147F6FF73CFF67F7315
:107EE8001A404FF4805342EAC15242EAC131C0F805
:107EF80070114FF400514FF4803200E08367066F31
:107F0800B6040BD5066FF604F8D4066FB6F1FF3F3A
:107F1800F5DC066FF60303D58267F0E74167EEE705
:107F2800BDE80007F0BD41F2FC3041F23042C2F238
:107F38002000C2F22002652100F074FD41F25430A5
:107F480041F29832C2F22000C2F22002892100F0E8
:107F580069FD41F2A83041F2DC32C2F22000C2F2DF
:107F68002002672100F05EFD41F2EC30C2F22000F1
:107F780001F020F8014640681F289FBF896801EB7F
:107F880040104FF4805100229FBF425000F58050AE
:107F9800828082719FBFC2718260C26002619FBF8E
:107FA8008282C282826182839CBFC283704780B50D
:107FB8006F4641F268422021C2F2200200F018FD0B
:107FC80080B56F4694B044F2000E0023C4F2002E30
:107FD8000EF50042129208228DF844200EF58042D8
:107FE800109207228DF83C2006228DF834204FF09D
:107FF80084420C920422C4F20C038DF82C2003F561
:1080080082120A92032209218DF8242003F5801296
:10801800089202228DF81C2003F57C220692052284
:108028008DF8142001228DF80C2003F578228DF8A4
:108038004C1043F6FF710292EC460022C4F21C0178
:108048008842CDF838E0049316DD43F6FF71C4F298
:10805800002188422FDD70453FD048F20001C4F26C
:10806800002188423FD04CF20001C4F2002188422E
:108078003DD10CF1480038E04BF6FF71C4F21B010A
:1080880088420ADC984222D048F20001C4F21B015F
:1080980088422CD10CF1080027E04CF20001C4F210
:1080A8001B01884216D00021C4F21C0188421ED14F
:1080B8000CF1200019E044F20001C4F21C018842CE
:1080C8000ED0B0F1844F12D10CF130000DE00CF15C
:1080D80010000AE00CF1180007E00CF1380004E089
:1080E8000CF1280001E00CF1400001790122104652
:1080F80014B080BD4EF21000CEF200000068C0033C
:1081080048F60400C2F200000ED580B56F46BFF3F2
:108118005F8F50E8001F013140E80012002AF8D1B3
:10812800BFF35F8FBDE880400068704780B56F4639
:1081380080BD80B56F46BDE88040004780B56F467A
:10814800014641F27840C2F2200080BD80B56F46FA
:10815800EFF3108072B680BD80B56F4680F310884B
:1081680080BD80B56F4692B0019044F24040C2F2A3
:1081780000000021D0E84F2FC0E8431F002BF9D1A1
:108188007AB348F61400C2F20000006848B346F219
:108198001D005F23C0F200000B93039001A802901A
:1081A80002A840F26D33109040F20C30C2F2200366
:1081B800C2F2200041F288410F900D200A9300235B
:1081C800C2F2200101220E90CDE90803CB20CDE9AF
:1081D8000420781E0D91CDE9063104A90C9200F017
:1081E800C1F800F000F880B56F4648F24810052144
:1081F800C4F21F004BF2004301603821C0F8F011AF
:108208004CF26C00C4F20A0041F6004E01684EF6CA
:10821800004CC0F2C443C0F64E6E21F00801016064
:108228004CF28400C2F2601CC4F21B0050F8801C9F
:1082380041F0080140F8801C082101601A46013A03
:10824800FDD141601A46013AFDD101601A46013A52
:10825800FDD141601A46013AFDD101601A46013A42
:10826800FDD141607246013AFDD101607246013A82
:10827800FDD141601A46013AFDD101607246013ACA
:10828800FDD141601A46013AFDD101607246013ABA
:10829800FDD141607246013AFDD101601A46013AAA
:1082A800FDD141601A46013AFDD101601A46013AF2
:1082B800FDD141601A46013AFDD101601A46013AE2
:1082C800FDD141606246013AFDD1B6E780B56F46FF
:1082D8000068BDE8804000F034BF80B56F4648F6BE
:1082E800180E4FF0010CC2F2000E5EE8003FC3B951
:1082F8004EE800C2002AF8D1BFF35F8F4FF0010C9F
:10830800BCF1000F14D044F24442C2F20002C2E9A8
:1083180000010220BFF35F8FCEF800008CF001004F
:1083280080BD4FF0000CBFF32F8FBCF1000FEAD1D6
:10833800012B0DD08CF0010080BD10BFDEF80000CD
:10834800012802BF10BFDEF800000128F2D110BFDB
:10835800DEF80000012802BF10BFDEF80000012887
:10836800E8D1EAE780B56F4648F61800C2F2000087
:10837800026844F24440BFF35F8FC2F20000D0E9C4
:10838800003C41F2F040022A41F2D842C2F22000F9
:10839800C2F2200208BF184608BF62461269BDE84B
:1083A8008040104780B56F46006841F2A842C2F28B
:1083B80020020B4652F8301002EBC0004268184603
:1083C800BDE8804000F03EB980B56F4680BD80B5FD
:1083D8006F4680BD80B56F46002080BDF0B503AF05
:1083E8002DE9000F87B08046D0F808B0B8681D4660
:1083F80004901646FC681BF400104FF02B034FF056
:10840800010208BF4FF0FF33002918BF420D02EBED
:10841800040908BF2D2306935FEA0B20059417D49F
:108428002C460026B8F80CA0D145C0F08080334611
:10843800D8E9005600943146069A284600F0CEFD49
:10844800002840D00124204607B0BDE8000FF0BD49
:10845800102D42D2002D45D005F0030CA8084FF08E
:10846800000241D000F0030006F1010EB246039568
:10847800A2EB80036FF0030200200EEB0206043229
:1084880096F9034096F9061096F9055014F1410F34
:1084980096F90460C8BF013016F1410FC8BF01301A
:1084A80015F1410FC8BF013011F1410F03EB020173
:1084B800C8BF01300431E0D1BCF1000F2ED0039DBC
:1084C8000432564611E0F3682846DDE9041207B085
:1084D800BDE8000FBDE8F04018473046294600F0D7
:1084E800AFFA1DE000201BE00020B15611F1410F4A
:1084F800C8BF0130BCF1010F12D0324492F901100B
:1085080011F1410FC8BF0130BCF1020F08D092F938
:10851800021011F1410FC8BF013001E05646039D1A
:1085280081442C46B8F80CA0D145BFF480AF5FEA6F
:10853800CB100ED4CBF34170AAEB09026FF35F5B4B
:108548004FF00009B246DFE800F03F023C029146D6
:108558003AE0D8E902103346D8E900B50290002085
:10856800C9F6E07003910840294640F0005040F0F9
:108578003000C8F8080000945846069A00F02EFD0E
:10858800002842D1AAEB0900002486B2A0B2B0426A
:1085980007D22A6958463021904701340028F5D07F
:1085A80033E0DDE904125846EB68984768BBDDE91B
:1085B80002100024C8E90201204607B0BDE8000FF8
:1085C800F0BD90B24FEA5009D8E90058002603924E
:1085D8001FFA89F0B1B2814208D2D8F81020284693
:1085E8005946904701360028F2D00EE000942846FC
:1085F800069A4146534600F0F1FC30B9DDE9041211
:108608002846D8F80C30984728B10124204607B0EE
:10861800BDE8000FF0BD03980026A0EB09001FFA83
:1086280080F90024B0B2484538BF0124BFF40BAF2D
:10863800D8F8102028465946904701360028F0D02F
:1086480001E70000F0B503AF2DE9000F81B0D0F8C5
:1086580008909346884619F0C05F00F07A805FEA78
:10866800C9013BD4BBF1100F58D2BBF1000F00F089
:10867800B4800BF0030C5FEA9B014FF0000300F09D
:10868800AE8001F0030108F1010EA3EB810A6FF03F
:10869800030300210EEB0304043394F9035094F907
:1086A800062094F9056015F1410F94F90440C8BFFC
:1086B800013114F1410FC8BF013116F1410FC8BF94
:1086C800013112F1410F0AEB0302C8BF0131043234
:1086D800E0D1BCF1000F2DD0043381E0C18929B36A
:1086E80008EB0B034FF0000B45460A4609E0EF2D57
:1086F8004FF0030588BF04253544AE1B013AB34447
:1087080016D09D4215D02E4615F9014BB4F1FF3F06
:10871800F3DCE5B2E02DEAD2B51CEEE704464046AC
:10872800594600F08DF90146204603E04FF0000B52
:108738000022891A828991420BD2531AC9F34171D6
:108748006FF35F590026DFE801F011020F111E4692
:108758000CE0D0E900015A46CB68414601B0BDE8BB
:10876800000FBDE8F040184799B24E08D0E9005A0A
:1087780000240093B0B2A1B281420DD2DAF81020E1
:1087880028464946904701340028F3D00126304650
:1087980001B0BDE8000FF0BDDAF80C3028464146BC
:1087A8005A46984728B10126304601B0BDE8000F67
:1087B800F0BD00980024801B1FFA80F80026A0B2A4
:1087C800404538BF0126E2D2DAF81020284649464B
:1087D800904701340028F1D0D9E70021AAE7002109
:1087E80018F9032012F1410FC8BF0131BCF1010F84
:1087F800A0D0434493F9012012F1410FC8BF0131C1
:10880800BCF1020F3FF496AF93F9022012F1410F29
:10881800C8BF01318EE780B56F46D0E90003DB6839
:10882800BDE880401847F0B503AF2DE9000F85B0CB
:1088380006469B468A46D80764D115780020002D45
:108848006ED0DAF80C904FF0000802E01578002D91
:108858006AD0541C68B2B0F1FF3F07DD30462146AC
:108868002A46C84700285AD16219EFE7802D09D057
:10887800C02D12D15BF83800002104912021C6F2E6
:10888800000131E0B2F80140D51C304629462246A5
:10889800C847002843D12A19D8E7E80703D120217F
:1088A800C6F2000102E0D2F80110541DA8074CBF1F
:1088B80034F8022B002268074CBF34F8023B00232F
:1088C800280748BF34F8028BE80644BF0BEBC20008
:1088D8008288A80644BF0BEBC30083885BF8380086
:1088E800ADF81230ADF8102003910BEBC801CDF8AC
:1088F80008A04A6801A90196904780B908F10108C3
:108908002246A3E74FEA5B031146DAF80CC030466B
:108918001A4605B0BDE8000FBDE8F04060470120E9
:1089280005B0BDE8000FF0BD002005B0BDE8000FA0
:10893800F0BD80B56F4684B0024646F66B70C0F253
:10894800000001A90290781E019040F20C30C2F29A
:10895800200000F067F880B56F4684B0024646F6FE
:108968005370C0F2000001A90290781E019040F2F5
:108978000C30C2F2200000F055F880B56F4684B084
:10898800CDE9000146F68150C0F2000002A903902B
:108998006846029040F20C30C2F2200000F042F823
:1089A80080B56F46024641F2F040C2F220002B210A
:1089B80000F032F880B56F4688B08DE80F0002A845
:1089C80040F2DC0CD7F808E046F67154069046F6FB
:1089D8008150C0F20000C2F2200C0590684604A93C
:1089E800C0F20004049060467246079400F01AF83A
:1089F800FEB506AFCDE90001694605480590CDE909
:108A0800030101A8029002A9024800F00BF800BF78
:108A1800A96D00003603202080B56F46490001315A
:108A280000F000F880B56F4686B0CDE9010101205D
:108A3800ADF8140001A8039003A80492FFF791FB76
:108A4800F0B503AF2DE9000F82B08346033020F064
:108A58000300A0EB0B0A514533D2002944D001F0A2
:108A6800030C88084FF0000100F03F82A1EB80065C
:108A78000BF1010E6FF0030100200EEB010204312F
:108A880092F9033092F9064092F9055013F1410F1B
:108A980092F90420C8BF013012F1410FC8BF01305C
:108AA80015F1410FC8BF013014F1410F06EB010267
:108AB800C8BF01300432E0D1BCF1000F15D0043139
:108AC80014E2A1EB0A085FEA9809C6D008F0030E81
:108AD800584501D100204BE0ABEB000010F1040F2A
:108AE80007D90026002029E0002002B0BDE8000FC9
:108AF800F0BD0BF1010C00206FF003010CEB010637
:108B080096F9035096F9062096F9054015F1410F9C
:108B180096F90460C8BF013016F1410FC8BF013093
:108B280014F1410FC8BF013012F1410F01F10402E5
:108B3800C8BF013011F108061146DFD11BF9061034
:108B480011F1410FC8BF0130BAF1010F10D00BEB82
:108B5800060191F9012012F1410FC8BF0130BAF1A5
:108B6800020F05D091F9021011F1410FC8BF013071
:108B78004FF6FC710BEB0A02C1F6FF710025BEF13E
:108B8800000F1CD001F1C04101EA0801114491F91C
:108B9800004014F1410FC8BF0125BEF1010F0ED0EE
:108BA80091F9014014F1410FC8BF0135BEF1020F20
:108BB80005D091F9021011F1410FC8BF01352844C1
:108BC8004FF0010A11E000253FFA85F33FFA95F6C8
:108BD8003344A9EB0B090EEB8B021BF0030103EBEB
:108BE800034300EB134040F04F81B9F1000F3FF40D
:108BF8007CAF9646B9F1C00FCB4628BF4FF0C00BEB
:108C0800B9F1040FDFD36FF00F0101EB8B02302AAB
:108C18000AEB121101F0030802D200257646BCE0E7
:108C28004FF6FC720025C1F6FF7201EA020A764689
:108C3800CDF80080CDF804E096E80C50BAF1040AAB
:108C480071696FEA02084FEAD81444EA92126FEA8F
:108C5800030422F0FE324FEAD41444EA93132A4460
:108C680023F0FE3313446FEA0C024FEAD21435693D
:108C780044EA9C14B26B24F0FE34D6F83C802344BA
:108C88006FEA0E044FEAD41444EA9E1424F0FE342A
:108C980004EB030C6FEA05044FEAD41444EA951573
:108CA800B3696FEA010425F0FE354FEAD41444EAAB
:108CB8009111AC44F5696FEA030421F0FE314FEAE3
:108CC800D41444EA93138C44316A6FEA050423F000
:108CD800FE334FEAD41444EA95159C44736A6FEA4C
:108CE800010425F0FE354FEAD41444EA9111AC444E
:108CF800B56A6FEA030421F0FE314FEAD41444EA5E
:108D080093138C44F16A6FEA050423F0FE334FEAAB
:108D1800D4149C44336B44EA95156FEA010425F09A
:108D2800FE354FEAD41444EA91116FEA0304AC44C7
:108D3800756B21F0FE314FEAD41444EA9313614471
:108D480023F0FE3306F1400619446FEA05034FEAA3
:108D5800D31343EA951323F0FE3319446FEA020351
:108D68004FEAD31343EA921222F0FE3211446FEA1B
:108D780008024FEAD21242EA981222F0FE3202EBBF
:108D880001057FF459AFDDF800804FF0010ADDF8E6
:108D980004E0B8F1000F3FF417AF96E80E10B8F1F1
:108DA800010F6FEA01044FEAD41444EA911121F04B
:108DB800FE3129446FEA02054FEAD51545EA9212B9
:108DC80022F0FE3211446FEA03024FEAD21242EA5D
:108DD800931222F0FE3211446FEA0C024FEAD212CB
:108DE80042EA9C1222F0FE3202EB01053FF4ECAE9F
:108DF80006F1100CB8F1020F9CE80E106FEA01049E
:108E08004FEAD41444EA911121F0FE3129446FEA63
:108E180002054FEAD51545EA921222F0FE321144B6
:108E28006FEA03024FEAD21242EA931222F0FE32AC
:108E380011446FEA0C024FEAD21242EA9C1222F065
:108E4800FE3202EB01053FF4BFAE20364ECECC43D6
:108E5800E40944EA911121F0FE312944D543ED0992
:108E680045EA921222F0FE321144DA43D20942EA6C
:108E7800931222F0FE321144F243D20942EA9612CA
:108E880022F0FE3255189FE60BF0FC0301295EF82C
:108E980023206FEA02064FEAD61646EA921222F01B
:108EA800FE3215D00EEB830302295E686FEA0605D1
:108EB8004FEAD51545EA961626F0FE36324407D015
:108EC8009968CB43DB0943EA911121F0FE310A444A
:108ED8003FFA82F13FFA92F2114401EB014100EBB3
:108EE800114002B0BDE8000FF0BD00201BF90120C1
:108EF80012F1410FC8BF0130BCF1010F3FF4F5ADCD
:108F0800594491F9012012F1410FC8BF0130BCF159
:108F1800020F3FF4EAAD91F9021011F1410FC8BFF9
:108F2800013002B0BDE8000FF0BD80B56F4686B0D5
:108F3800904213D9CDE9000246F6A95001A9C0F222
:108F480000000590CDE903016846029040F22960CF
:108F5800C2F2200002A91A46FFF764FD914215D813
:108F6800884213D9CDE9000146F6A95001A9C0F2FB
:108F780000000590CDE903016846029040F20E30EA
:108F8800C2F2200002A91A46FFF74CFD46F6A95086
:108F9800CDE90012C0F2000001A9059003906846CF
:108FA800029040F2B1400491C2F2200002A91A4690
:108FB800FFF738FD80B56F46024641F2E350C2F232
:108FC80020003321FFF72EFD80B56F46024641F29F
:108FD800FC50C2F220004721FFF724FDF0B503AF93
:108FE8004DF8048DD7F8088006461C460D46501CDF
:108FF80008D02B6930461146984718B101205DF812
:10900800048BF0BD44B1EB683046214642465DF81A
:10901800048BBDE8F040184700205DF8048BF0BDD4
:1090280080B56F46D0E90002D268BDE8804010479D
:1090380080B56F460B46D0E900121846BDE880405F
:10904800FFF700BB80B56F46D0E90023D1E90001E6
:10905800BDE88040FFF7E7BBF0B503AF2DE9000F8F
:1090680087B0046841F21B500D46C2F22000B4F5E7
:109078007A7F38D349F27F68A7F1260E002342F29F
:10908800107941F27B4A4FF0640BC0F298082146F0
:10909800039502940A4641F25971CDF2B7110EEBCD
:1090A8000304A2FB0116043B42454FEA563101FB7B
:1090B80019261FFA86FC4FEA9C0505FB0AF54FEABC
:1090C800554505FB1B6630F81550E580B6B230F8FB
:1090D80016602681DED8DDE902450A33092906D85B
:1090E8000A46ACB915E00A2321460929F8D98AB2FB
:1090F80041F27B469208023B72436426520C02FB03
:109108001611A7F1260689B230F81110F15204B1F0
:1091180032B100EB4200013BA7F126014078C85468
:10912800A7F12601C3F10A0019440122CDE9001074
:10913800284601210023FFF751F907B0BDE8000FC9
:10914800F0BDF0B503AF4DF8048D88B0D1E90054F7
:1091580041F21F61E6688046C2F220010C222846CF
:10916800B04720B1012008B05DF8048BF0BDD8F8F5
:10917800040002ABD0E90012CDE9001200F10C02A4
:10918800083046F6A951049046F68150C0F2000115
:10919800C0F20000CDE9051240F2957203906846CE
:1091A8000791C2F22002029028462146FFF73BFBB6
:1091B80020B1012008B05DF8048BF0BD41F22B61AD
:1091C8002846C2F220010222B04720B1012008B08F
:1091D8005DF8048BF0BDD8F800002146D0E90023E3
:1091E8002846FFF720FB08B05DF8048BF0BD80B57A
:1091F8006F460B46014610461A46BDE88040FFF709
:1092080021BA80B56F46084640F64411C2F22001E3
:109218002022BDE88040FFF715BA80B56F460846A2
:1092280041F22D61C2F220011822BDE88040FFF70B
:1092380009BA002A04BF00207047F0B503AF2DE932
:10924800000BA2F1010CC2F1000E0023CC5CC55C3E
:10925800A54224D19C451ED001EB030800EB03096D
:1092680098F8014099F80150A54218D10EEB030671
:10927800B41C10D098F8024099F80250A5420ED1BB
:10928800F41C08D098F8034099F80350A54206D179
:1092980004339A42DAD10020BDE8000BF0BD281B48
:1092A800BDE8000BF0BDB0B502AF10293FD3424274
:1092B80002F003054219904220D2A5F1010C8DB1AC
:1092C800002386460EF8013B012D07D04370022D7E
:1092D8001ABF837000F1030E00F1020EBCF1030FF8
:1092E80004D20BE08646BCF1030F07D3AEF10400AD
:1092F800002340F8043F041D9442FAD1491B21F091
:1093080003001044824210D2002342F8043B8242F8
:109318000BD242F8043B82423CBF42F8043B8242F3
:1093280003D242F8043B8242EFD301F00301421812
:1093380090421FD24B1E11F003040CD04FF0000CCA
:10934800014601F801CB012C0AD0022C80F801C09B
:1093580003D1811C04E0014602E000218170C11C98
:10936800032B38BFB0BD081F002140F8041F031DA0
:109378009342FAD1B0BD80B56F46BDE8804000F099
:1093880000B8F0B503AF2DE9000F89B08046102A68
:1093980021D3C8F1000000F0030A08EB0A0398453E
:1093A80037D2AAF1010644460D46BAF1000F1FD084
:1093B8000D46444615F8010BBAF1010F04F8010BEC
:1093C80016D04878BAF1020F88F801000AD18D1C2E
:1093D80008F102040CE0C4460CEB02039C45C0F003
:1093E800E3800BE1CD1C08F10304887888F80200BB
:1093F800032E0ED32E1F251F16F8040F05F8040F91
:1094080070786870B078A870F078E870281D984275
:10941800F2D1A2EB0A0B01EB0A042BF0030214F0C1
:10942800030003EB020C63D04FF00009C0F10406FF
:10943800049208AACDF820900244F5071EBF2578AB
:1094480015704FF00109B60744BF34F8096022F8D7
:109458000960251A05941C1D089A4FEAC00E644538
:10946800CEF10004CDE902045BD243424646CDF872
:1094780000B001EB030804F0180B019608EB0A058D
:1094880006EB0A0422FA0EF1D5F8049009FA0BF259
:109498001143224642F8081B624544D2A96829FABA
:1094A8000EF301FA0BF0184304F10C0363456060F6
:1094B8003CD2D5F80C9021FA0EF009FA0BF10843CA
:1094C800106004F11000604535D22A6929FA0EF0BF
:1094D800103608F1100802FA0BF10843186006EB81
:1094E8000A03181D6045C9D308EB0A05914623E015
:1094F800634552D22146086843F8040B63454CD2B1
:10950800486843F8040B63453EBF886843F8040B7A
:10951800634542D2C868103143F8040B6345EAD367
:109528003BE091460AE00435231D05E0083504F1C7
:109538000803894600E00C35DDE900B802980022EE
:109548008DF81C20012807F8262C0ED107AE002420
:1095580000200599C90713D0291D085C307017F839
:10956800260C9DF81C2000040BE06879A7F126065C
:109578002A798DF81C20040202200599C907EBD12D
:109588000020204329FA0EF11043039A02F0180232
:109598009040DDE9042408431860A1180BF0030289
:1095A8000CEB02039C4529D2561E12F0030012D080
:1095B8000A46654612F8014B012805F8014B0CD004
:1095C8004A7802288CF801201DD18A1C0CF102056A
:1095D800032E04D212E065460A46032E0ED3111F4D
:1095E8002A1F11F8040F02F8040F48785070887881
:1095F8009070C878D070101D9842F2D1404609B0DA
:10960800BDE8000FF0BDCA1C0CF1030588788CF882
:109618000200032EE3D2F1E7042A09D3D0B502AF42
:10962800A2F1040E6FEA0E0313F00C0F06D123E02B
:109638000B46844660461946FFF7A3BE0B46844690
:1096480053F8044B1EF00C0F4CF8044B09D04B6830
:1096580043600EF00C03042B07D1083A0831083098
:1096680008E072466046194606E08B680C3A83604B
:109678000C310C3084460B46BEF10C0F14D38446D3
:109688000B461868103ACCF80000032A5868CCF842
:1096980004009868CCF80800D86803F11003CCF8E7
:1096A8000C000CF1100CECD8BDE8D040604619460F
:1096B800FFF767BE80B56F46042905D30B1FDA4351
:1096C80012F00C0F02D11AE0024624E04FF0000C11
:1096D800024642F804CB13F00C0F08D003F00C023A
:1096E800C0F804C0042A05D10839083006E0194634
:1096F800104604E000220C3982600C3002460C2B24
:1097080009D3002302461039C2E90033C2E9023303
:1097180010320329F7D85018824221D2A1F1010C46
:1097280011F003030CD04FF0000E114601F801EBC5
:10973800012B0AD0022B82F801E003D1911C04E02E
:10974800114602E000219170D11CBCF1030F38BF13
:1097580080BD0439002241F8042F0B1D8342FAD141
:1097680080BD000010B584B002AC009400F004F88D
:10977800029A039B04B010BD80B56F4686B084463C
:1097880002A8CDE9002362460B4600F00DF8D7F891
:1097980008C0DDE90201BCF1000F1CBFDDE904329D
:1097A800CCE9003206B080BDF0B503AF2DE9000B5F
:1097B800D7E902E8BEF1000F72D0B8F1000F6FD1FF
:1097C800002B00F0FC80734580F00781B3FA83F129
:1097D800BEFA8EF6711A01F1200608BF1F26C6F1DF
:1097E800200508FA06F10EFA06F82EFA05F52943BF
:1097F800B6F1200506F01F0658BF0EFA05F14FF026
:10980800010505FA06FC4FF0000558BF4FF00008A7
:1098180008E0224633464FEA181444EA01784FEA32
:109828001C1C0909B2EB080463EB0106002E03D4E3
:1098380045EA0C0502D12DE014461E465FEA5103A5
:109848004FEA3802A21A66EB0303002B04D445EA58
:109858005C05144602D11DE0224633464FEA9804BF
:1098680044EA8174141B63EB9106002E03D445EA85
:109878009C0502D10EE014461E464FEAD80242EA81
:109888004172A21A66EBD103002BC2D445EADC056B
:109898001446C0D1B4FBFEF101FB1E46294392E0F9
:1098A8000021002B00F08080B2EB0E0673EB080657
:1098B8007AD3B3FA83F1B8FA88F6711A01F03F0641
:1098C80001F01F01C6F1200408FA06F50EFA06FC9D
:1098D8002EFA04F42C43B6F1200558BF0EFA05F40D
:1098E8004FF0010505FA01F94FF0000158BF4FF09C
:1098F800000C08E032462B464FEA1C1646EA047C68
:109908004FEA19192409B2EB0C0673EB040507D4C6
:1099180041EA0901B6EB0E0275EB080202D23AE001
:1099280016461D465FEA54034FEA3C02B21A75EB2D
:10993800030309D4B2EB0E0541EA590173EB08059C
:1099480016461D4602D226E032462B464FEA9C05B3
:1099580045EA8475561B63EB9405002D07D441EA4C
:109968009901B6EB0E0275EB080202D213E0164617
:109978001D464FEADC0242EA4472B21A65EBD40390
:10998800002BB7D4B2EB0E0541EAD90173EB0805F9
:1099980016461D46B0D24FF0000CC0E9001CC0E9C5
:1099A8000265BDE8000BF0BD4FF0000C16461D46E1
:1099B800C0E9001CC0E90265BDE8000BF0BDB2FBC0
:1099C800FEF101FB1E264FF0000C0025C0E9001C2B
:1099D800C0E90265BDE8000BF0BD0DD1B2FBF3F1A3
:1099E800002501FB13264FF0010CC0E9001CC0E95B
:1099F8000265BDE8000BF0BDB3FBFEFCBEF5803F81
:109A08000CFB1E351AD22904002541EA1241B1FB8C
:109A1800FEF303FB0EF14CEA134CC1EB1241C2EA10
:109A28000141B1FBFEF202FB1E1642EA0341C0E906
:109A3800001CC0E90265BDE8000BF0BDB2EB0E01E9
:109A480075EB080108D200211646C0E9001CC0E9E0
:109A58000265BDE8000BF0BD4FEAC87141EA5E033C
:109A68004FEACE794FF00048002108E022463546FB
:109A78004FEA191444EA03794FEA18181B09B2EBA4
:109A8800090465EB0306002E03D441EA080102D15C
:109A98002DE014462E465FEA53054FEA3902A21A12
:109AA80066EB0505002D04D441EA5801144602D19D
:109AB8001DE0224635464FEA990444EA8374141B94
:109AC80065EB9306002E03D441EA980102D10EE01B
:109AD80014462E464FEAD90242EA4372A21A66EBAE
:109AE800D305002DC2D441EAD8011446C0D1B4FB35
:109AF800FEF2002502FB1E461143C0E9001CC0E926
:109B08000265BDE8000BF0BD80B56F46FEE70000BA
:109B1800456E64706F696E7420737461746520613A
:109B28006C72656164792061737369676E65642F0F
:109B380055736572732F696C79612F2E6361726733
:109B48006F2F72656769737472792F7372632F69E7
:109B58006E6465782E6372617465732E696F2D313A
:109B68003934396366386336623562353537662F7E
:109B78007374617469635F63656C6C2D322E312E6A
:109B8800312F7372632F6C69622E7273002F5573B5
:109B98006572732F696C79612F2E636172676F2FFD
:109BA80072656769737472792F7372632F696E6453
:109BB80065782E6372617465732E696F2D3139343F
:109BC800396366386336623562353537662F696DB5
:109BD8007872742D757362642D302E342E322F7383
:109BE80072632F73746174652E727300C0023A2019
:109BF800C0002F55736572732F696C79612F2E63BE
:109C08006172676F2F72656769737472792F7372E7
:109C1800632F696E6465782E6372617465732E694B
:109C28006F2D3139343963663863366235623535BC
:109C380037662F727469632D6D6F6E6F746F6E69FE
:109C480063732D312E352E302F7372632F73797312
:109C58007469636B2E7273007372632F6D61696E22
:109C68002E7273002F55736572732F696C79612F8B
:109C78002E636172676F2F72656769737472792FCB
:109C88007372632F696E6465782E6372617465738D
:109C98002E696F2D3139343963663863366235621F
:109CA800353537662F7573622D6465766963652D62
:109CB800302E332E322F7372632F656E64706F6986
:109CC8006E742E7273002F55736572732F696C79D9
:109CD800612F2E636172676F2F7265676973747283
:109CE800792F7372632F696E6465782E637261745D
:109CF80065732E696F2D313934396366386336627E
:109D08003562353537662F696D7872742D757362D3
:109D1800642D302E342E322F7372632F6275732E9A
:109D28007273002748656C6C6F2066726F6D2079BE
:109D38006F7572205465656E7379203421205468DC
:109D48006520636F756E7420697320C0002F55738A
:109D58006572732F696C79612F2E636172676F2F3B
:109D680072656769737472792F7372632F696E6491
:109D780065782E6372617465732E696F2D3139347D
:109D8800396366386336623562353537662F7465F0
:109D9800656E7379342D6273702D302E362E302F08
:109DA8007372632F626F6172642E727300015BC0FD
:109DB8000120C0035D3A20C0020D0A002F557365CB
:109DC80072732F696C79612F2E636172676F2F72BE
:109DD800656769737472792F7372632F696E64652E
:109DE800782E6372617465732E696F2D3139343939
:109DF8006366386336623562353537662F75736248
:109E08002D6465766963652D302E332E322F73727B
:109E1800632F6465766963652E727300C0001673DC
:109E28006C69636520696E64657820737461727407
:109E38007320617420C00D2062757420656E647390
:109E480020617420C00020696E646578206F757485
:109E5800206F6620626F756E64733A20746865209F
:109E68006C656E20697320C0122062757420746856
:109E78006520696E64657820697320C0002F55736A
:109E88006572732F696C79612F2E636172676F2F0A
:109E980072656769737472792F7372632F696E6460
:109EA80065782E6372617465732E696F2D3139344C
:109EB800396366386336623562353537662F7465BF
:109EC800656E7379342D70616E69632D302E332E73
:109ED800302F7372632F6C69622E72730002002F29
:109EE80055736572732F696C79612F2E6361726780
:109EF8006F2F72656769737472792F7372632F6934
:109F08006E6465782E6372617465732E696F2D3186
:109F18003934396366386336623562353537662FCA
:109F2800696D7872742D68616C2D302E362E302F45
:109F38007372632F636869702F64726976657273D0
:109F48002F63636D5F313078782F616E616C6F6756
:109F58002E7273002F55736572732F696C79612F98
:109F68002E636172676F2F72656769737472792FD8
:109F78007372632F696E6465782E6372617465739A
:109F88002E696F2D3139343963663863366235622C
:109F9800353537662F696D7872742D68616C2D3090
:109FA8002E362E302F7372632F636869702F647298
:109FB80069766572732F74656D706D6F6E2E72732E
:109FC800001072616E676520656E6420696E646555
:109FD8007820C022206F7574206F662072616E67CA
:109FE8006520666F7220736C696365206F66206CEC
:109FF800656E67746820C0002F55736572732F698A
:10A008006C79612F2E636172676F2F726567697350
:10A018007472792F7372632F696E6465782E637218
:10A02800617465732E696F2D31393439636638630D
:10A0380036623562353537662F696D7872742D75DD
:10A048007362642D302E342E322F7372632F647234
:10A05800697665722E7273001948657265277320D8
:10A06800616E206572726F7220617420636F756E05
:10A078007420C0002F55736572732F696C79612F36
:10A088002E636172676F2F72656769737472792FB7
:10A098007372632F696E6465782E63726174657379
:10A0A8002E696F2D3139343963663863366235620B
:10A0B800353537662F696D7872742D6C6F672D3062
:10A0C8002E322E302F7372632F6C6F672F66726F6C
:10A0D8006E74656E642E7273002F55736572732FDC
:10A0E800696C79612F2E636172676F2F726567697A
:10A0F800737472792F7372632F696E6465782E6337
:10A1080072617465732E696F2D313934396366381D
:10A118006336623562353537662F696D7872742D0E
:10A12800646D612D302E322E302F7372632F636869
:10A13800616E6E656C2E7273001272616E676520B7
:10A14800737461727420696E64657820C022206F10
:10A158007574206F662072616E676520666F722065
:10A16800736C696365206F66206C656E6774682020
:10A17800C0002F55736572732F696C79612F2E6338
:10A188006172676F2F72656769737472792F737262
:10A19800632F696E6465782E6372617465732E69C6
:10A1A8006F2D313934396366386336623562353537
:10A1B80037662F696D7872742D757362642D302E31
:10A1C800342E322F7372632F72616C2E7273002FCC
:10A1D80055736572732F696C79612F2E636172678D
:10A1E8006F2F72656769737472792F7372632F6941
:10A1F8006E6465782E6372617465732E696F2D3194
:10A208003934396366386336623562353537662FD7
:10A218007573622D6465766963652D302E332E3231
:10A228002F7372632F6275732E7273001A486572EA
:10A238006527732061207761726E696E672061748B
:10A2480020636F756E7420C0002F55736572732F6D
:10A25800696C79612F2E636172676F2F7265676908
:10A26800737472792F7372632F696E6465782E63C5
:10A2780072617465732E696F2D31393439636638AC
:10A288006336623562353537662F727469632D74AB
:10A29800696D652D312E332E302F7372632F6C69E3
:10A2A800622E727300C0013AC0013AC0002F557384
:10A2B8006572732F696C79612F2E636172676F2FD6
:10A2C80072656769737472792F7372632F696E642C
:10A2D80065782E6372617465732E696F2D31393418
:10A2E800396366386336623562353537662F75737C
:10A2F800622D6465766963652D302E332E322F7397
:10A3080072632F64657363726970746F722E7273EF
:10A31800002F55736572732F696C79612F2E6361F5
:10A3280072676F2F72656769737472792F737263BE
:10A338002F696E6465782E6372617465732E696F18
:10A348002D313934396366386336623562353537CD
:10A35800662F7573622D6465766963652D302E33BB
:10A368002E322F7372632F636F6E74726F6C5F700F
:10A378006970652E7273002F55736572732F696C3F
:10A3880079612F2E636172676F2F726567697374C5
:10A3980072792F7372632F696E6465782E637261A8
:10A3A8007465732E696F2D313934396366386336B5
:10A3B800623562353537662F696D7872742D68613C
:10A3C8006C2D302E362E302F7372632F63686970B0
:10A3D8002F647269766572732F6770696F2E727356
:10A3E80000000000E80420205F0000005100000089
:10A3F8002E0000006661696C656420746F20616CD2
:10A408006C6F6320636F6E74726F6C20656E64701E
:10A418006F696E740A0000000A0000000E00000058
:10A4280010000000160000000F0000000B000000E4
:10A438000C000000456E64706F696E74206D656D68
:10A448006F727920616C72656164792061737369D8
:10A45800676E656452656643656C6C20616C7265F5
:10A46800616479206D757461626C7920626F7272B3
:10A478006F77656401080104050304080409040AE8
:10A48800040B010D000F020D0306010F0606050F50
:10A49800050E0600E80420205F00000057000000B9
:10A4A80012000000BF0620205C000000E100000050
:10A4B8000E000000B60120205C000000F60000003D
:10A4C8001F00000000000000000000000000000065
:10A4D8000000000000000000000000000000000074
:10A4E8000000000000000000000000000000000064
:10A4F8000000000000000000000000000000000054
:10A508000000000000000000000000000000000043
:10A518000000000000000000000000000000000033
:10A528000000000000000000000000000000000023
:10A538000000000000000000000000000000000013
:10A548000000000000000000000000000000000003
:10A5580000000000000000000000000000000000F3
:10A5680000000000000000000000000000000000E3
:10A5780000000000000000000000000000000000D3
:10A5880000000000000000000000000000000000C3
:10A5980000000000000000000000000000000000B3
:10A5A80000000000000000000000000000000000A3
:10A5B8000000000000000000000000000000000093
:10A5C8000000000000000000000000000000000083
:10A5D8000000000000000000000000000000000073
:10A5E8000000000000000000000000000000000063
:10A5F8000000000000000000000000000000000053
:10A608000000000000000000000000000000000042
:10A618000000000000000000000000000000000032
:10A628000000000000000000000000000000000022
:10A638000000000000000000000000000000000012
:10A648000000000000000000000000000000000002
:10A6580000000000000000000000000000000000F2
:10A6680000000000000000000000000000000000E2
:10A6780000000000000000000000000000000000D2
:10A6880000000000696D7872742D6C6F6763616CEF
:10A698006C65642060526573756C743A3A756E77B0
:10A6A800726170282960206F6E20616E206045728B
:10A6B80072602076616C75655468652074696D6593
:10A6C80072207175657565206973206E6F742069D5
:10A6D8006E697469616C697A656420776974682049
:10A6E80061206D6F6E6F746F6E69632C20796F7562
:10A6F800206E65656420746F2072756E2060696EC7
:10A70800697469616C697A65600000003907202006
:10A718005B000000DC0000000D000000390720206D
:10A728005B000000DA0000003D000000390720202F
:10A738005B000000CD00000039000000E20020208E
:10A7480065000000880000004100000073646D5F30
:10A758007663755F6669726D3A3A617070000000E1
:10A768000000000001000000010000005D10000072
:10A77800616C6C6F635F6570206661696C6564000D
:10A78800BF0620205C0000002A0100000E00000027
:10A79800BF0620205C0000003D0100000E00000004
:10A7A800BF0620205C000000B70000002400000065
:10A7B800BF0620205C000000B1000000120000006D
:10A7C800BF0620205C000000AE0000002000000052
:10A7D800BF0620205C000000C50000002400000027
:10A7E800AC0220205F000000660000000E000000A0
:10A7F800AC0220205F0000005D0000000E00000099
:10A808006053746174696343656C6C60206973207C
:10A81800616C72656164792066756C6C2C20697452
:10A828002063616E277420626520696E69746961AE
:10A838006C697A65642074776963652E1F0020202F
:10A848005D000000540000000D0000000000000042
:10A8580000000000010000009F10000048012020B7
:10A868000B0000003000000018000000000000008D
:10A878000C000000040000008710000048012020A0
:10A888000B000000280000004C000000576F756C9A
:10A8980064426C6F636B50617273654572726F725C
:10A8A8004275666665724F766572666C6F77456E3F
:10A8B80064706F696E744F766572666C6F77050C9D
:10A8C800000E0006010C03010303050D0607456E83
:10A8D80064706F696E744D656D6F72794F766572CD
:10A8E800666C6F77496E76616C6964456E64706FEB
:10A8F800696E74556E737570706F72746564496EA5
:10A9080076616C696453746174656C6F67676572AE
:10A9180020616C72656164792073657428295374A9
:10A9280061636B206F766572666C6F772061667401
:10A93800657220616C6C6F636174696E67206578FD
:10A94800656375746F727300480120200B00000066
:10A9580006000000010000007C0D2020860D20204C
:10A96800900D20209E0D2020BE0D2020D40D2020EB
:10A97800E30D2020EE0D20209D072020630000001D
:10A9880060000000090000009D072020630000000F
:10A9980061000000090000009D07202063000000FE
:10A9A80058000000250000009D07202063000000DB
:10A9B8004C0100001B000000B60120205C000000D4
:10A9C800F60000001F000000556E6B6E6F776E205A
:10A9D8007374617465206265666F72652073757340
:10A9E80070656E64AC0220205F000000BC000000AF
:10A9F8001A00000055736242757320696E697469A4
:10AA0800616C697A6174696F6E206E6F7420636F10
:10AA18006D706C65746500005401202061000000B1
:10AA28008D0000000D00000000100100AC02202085
:10AA38005F0000006C0200002B000000640520206D
:10AA480064000000330000002100000001082020FD
:10AA580065000000970000001E000000010820208B
:10AA68006500000088000000410000000108202067
:10AA780065000000490000004E0000000108202089
:10AA880065000000E40000002E00000001082020FE
:10AA980065000000E30000002D00000001082020F0
:10AAA800650000003E0000001200000000000000E9
:10AAB8004800000004000000F91F0000DB2E000021
:10AAC800292E0000592E0000E32E0000D51E00009C
:10AAD800191E0000C52E0000C52E0000C52E00005E
:10AAE800CB2E0000D32E0000605374617469634359
:10AAF800656C6C6020697320616C72656164792093
:10AB080066756C6C2C2069742063616E27742062F2
:10AB18006520696E697469616C697A656420747707
:10AB28006963652E1F0020205D00000054000000AE
:10AB38000D000000000000001000000004000000EC
:10AB4800B32D0000ED2C0000AD2D0000000000002A
:10AB58000400000004000000712E0000E92E00002F
:10AB6800AF2F0000020302040205060C01000101D8
:10AB7800010201030106010A000C010B000D010688
:10AB8800010A000C010B000D010D000F020D030658
:10AB980006000503050F050E020302050100010169
:10ABA800010201030303010C000E00060607050C51
:10ABB800050D030104080409040A040B0501030038
:10ABC80007060108010406060509050A050B060122
:10ABD8000701000000000000000000000100000064
:10ABE800993900005031332069732061204750495A
:10ABF8004F322070696E00003D0220205F00000087
:10AC08002B01000017000000617373657274696F8F
:10AC18006E206661696C65643A202154414B454E4B
:10AC28002E7377617028747275652C204F72646575
:10AC380072696E673A3A536571437374290000006C
:10AC48003D0220205F000000990000000500000080
:10AC580050696E506F7274496E636F6D706174697C
:10AC6800626C654572726F727D0020205E00000084
:10AC78000E010000210000007D0020205E00000081
:10AC880015010000210000007D0020205E0000006A
:10AC9800D4000000210000007D0020205E0000009C
:10ACA800C10000001D000000B60120205C0000006B
:10ACB800F60000001F000000B60120205C00000024
:10ACC800E80000001B000000E80420205F000000EE
:10ACD800C900000047000000E80420205F000000D1
:10ACE8006D0100000E000000E80420205F00000055
:10ACF800F100000045000000E80420205F0000008B
:10AD0800FF00000047000000E80420205F0000006A
:10AD1800570100000E000000E80420205F0000003A
:10AD28000F01000037000000E80420205F00000049
:10AD38003D01000037000000E80420205F0000000B
:10AD48002801000037000000620620205C00000097
:10AD580047000000120000009D072020630000004B
:10AD680060000000090000009D072020630000002B
:10AD780061000000090000009D072020630000001A
:10AD880058000000250000009D07202063000000F7
:10AD9800150100001F0000009D072020630000002F
:10ADA800B0000000110000009D0720206300000093
:10ADB80069010000090000009D07202063000000D1
:10ADC8006A010000090000009D07202063000000C0
:10ADD80073010000150000009D072020630000009B
:10ADE800A40100001B0000009D0720206300000054
:10ADF800AF010000090000009D072020630000004B
:10AE0800B0010000090000009D0720206300000039
:10AE1800B1010000090000009D0720206300000028
:10AE2800B40100001800000000000000494E464F21
:10AE38005741524E9D07202063000000BD010000CD
:10AE480018000000440420206C000000B20000003C
:10AE58001600000067082020690000003700000085
:10AE680028000000417564696F20504C4C206469CB
:10AE780076696465722073656C656374696F6E20AA
:10AE88006D75737420626520696E2072616E6765E6
:10AE98002066726F6D20323720746F203534206938
:10AEA8006E636C7573697665CF03202074000000AB
:10AEB8007700000009000000504C4C207265717545
:10AEC80069726573206E756D657261746F72206248
:10AED80065206C657373207468616E2074686520E2
:10AEE80064656E6F6D696E61746F7200CF032020A8
:10AEF800740000007B00000009000000CF03202040
:10AF080074000000660000000F0000004D617869C1
:10AF18006D756D20504C4C34206F757470757420AD
:10AF280072616E67652069732066726F6D203635B1
:10AF3800304D487A20746F20312E3347487A00000C
:10AF4800CF032020740000008000000009000000EA
:10AF580000000000000000000100000001000000E7
:10AF680001000000000010000000080000001000B0
:10AF78000000080000000000C90520205F00000054
:10AF8800670000000A0000008D5E0000835E00007C
:10AF9800835E00007D5E00007465656E7379345FC2
:10AFA80070616E69634F46464552524F524445425E
:10AFB8005547545241434500951420200300000092
:10AFC8009814202005000000201320200400000011
:10AFD8001C132020040000009D1420200500000000
:10AFE800A21420200500000000000000000000005E
:10AFF8000100000025610000196100001F610000C8
:10B0080063616C6C656420604F7074696F6E3A3A66
:10B01800756E77726170282960206F6E20612060DC
:10B028004E6F6E65602076616C75653030303130FA
:10B0380032303330343035303630373038303931DB
:10B0480030313131323133313431353136313731D4
:10B0580038313932303231323232333234323532B9
:10B06800363237323832393330333133323333339F
:10B078003433353336333733383339343034313485
:10B08800323433343434353436343734383439356B
:10B098003035313532353335343535353635373564
:10B0A8003835393630363136323633363436353649
:10B0B800363637363836393730373137323733372F
:10B0C8003437353736373737383739383038313815
:10B0D80032383338343835383638373838383939FB
:10B0E80030393139323933393439353936393739F4
:10B0F800383939617474656D707420746F206469AF
:10B1080076696465206279207A65726F6061737907
:10B118006E6320666E6020726573756D656420616C
:10B128006674657220636F6D706C6574696F6E709C
:10B13800616E69636B6564206174203A0A526566C2
:10B1480043656C6C20616C726561647920626F7212
:08B15800726F776564000000CE
:10B1600000000000000000000000000000000000DF
:10B1700000000000000000000000000000000000CF
:10B1800000000000000000000000000000000000BF
:10B1900000000000000000000000000000000000AF
:10B1A000000000000000000000000000000000009F
:10B1B000000000000000000000000000000000008F
:10B1C000000000000000000000000000000000007F
:10B1D000000000000000000000000000000000006F
:10B1E000000000000000000000000000000000005F
:10B1F000000000000000000000000000000000004F
:10B20000000000000000000000000000000000003E
:10B21000000000000000000000000000000000002E
:10B22000000000000000000000000000000000001E
:10B23000000000000000000000000000000000000E
:10B2400000000000000000000000000000000000FE
:10B2500000000000000000000000000000000000EE
:10B2600000000000000000000000000000000000DE
:10B2700000000000000000000000000000000000CE
:10B2800000000000000000000000000000000000BE
:10B2900000000000000000000000000000000000AE
:10B2A000000000000000000000000000000000009E
:10B2B000000000000000000000000000000000008E
:10B2C000000000000000000000000000000000007E
:10B2D000000000000000000000000000000000006E
:10B2E00000800E4000C00E40010000000100000080
:04B2F000D81420202E
:040000056000103156
:00000001FF
